[INFO] [launch]: All log files can be found below /home/ubuntu/.ros/log/2026-09-17-18-05-52-624670-ubuntu-155717
[INFO] [launch]: Default logging verbosity is set to INFO
[INFO] [reference_generator_node-1]: process started with pid [155789]
[INFO] [vehicle_state_bridge_node-2]: process started with pid [155790]
[INFO] [mpc_controller_node-3]: process started with pid [155791]
[INFO] [px4_attitude_mode_node-4]: process started with pid [155792]
[INFO] [pid_mode_node-5]: process started with pid [155793]
[mpc_controller_node-3] [INFO] [1789643152.912820801] [mpc_controller_node]: MPC backend selected at startup: coupled
[reference_generator_node-1] [INFO] [1789643152.920035949] [reference_generator_node]: Reference generator initialized without a mission; rate=50.0 Hz
[vehicle_state_bridge_node-2] [WARN] [1789643152.944820093] [vehicle_state_bridge_node]: VehicleState not published: reason=POSITION_STALE pos_age=inf ms att_age=inf ms ang_age=inf ms sample_skew=inf ms
[px4_attitude_mode_node-4] [INFO] [1789643152.999091764] [px4_attitude_mode_node]: MpcFlightMode initialized: registered with PX4 Flight Mode Manager
[vehicle_state_bridge_node-2] [INFO] [1789643157.904744738] [vehicle_state_bridge_node]: VehicleState timing: published=0 timestamp_reject=0 clock_switch=0 stale_reject=248 skew_reject=0 age_ms[pos att ang]=[inf inf inf] gap_mean_ms[pos att ang]=[0.00 0.00 0.00] gap_max_ms[pos att ang]=[0.00 0.00 0.00] sample_skew_ms=0.000
[vehicle_state_bridge_node-2] [WARN] [1789643157.964651778] [vehicle_state_bridge_node]: VehicleState not published: reason=POSITION_STALE pos_age=inf ms att_age=inf ms ang_age=inf ms sample_skew=inf ms
[vehicle_state_bridge_node-2] [INFO] [1789643162.904815889] [vehicle_state_bridge_node]: VehicleState timing: published=0 timestamp_reject=0 clock_switch=0 stale_reject=498 skew_reject=0 age_ms[pos att ang]=[inf inf inf] gap_mean_ms[pos att ang]=[0.00 0.00 0.00] gap_max_ms[pos att ang]=[0.00 0.00 0.00] sample_skew_ms=0.000
[vehicle_state_bridge_node-2] [WARN] [1789643162.964907618] [vehicle_state_bridge_node]: VehicleState not published: reason=POSITION_STALE pos_age=inf ms att_age=inf ms ang_age=inf ms sample_skew=inf ms
[mpc_controller_node-3] [INFO] [1789643166.191655121] [mpc_controller_node]: MPC update seq=1 measured_x0=[p 0.016 0.028 -0.077 v 0.027 0.010 -0.059 a_hat 0.007 0.008 -0.040 a_raw 0.007 0.008 -0.040] u=[-0.031 -0.019 0.038] ref_age=11.6 ms state_age=5.8 ms solve=17.020 ms mean=17.020 ms max=17.020 ms coupled_valid=true tilt_max=0.008 thrust_max=11.321
[mpc_controller_node-3] [INFO] [1789643166.194712838] [mpc_controller_node]: Force/attitude setpoint seq=1 a_des=[-0.031 -0.019 0.038] specific_force=[-0.031 -0.019 9.845] collective=9.845 m/s^2 tilt=0.004 rad mode=tracking
[mpc_controller_node-3] [WARN] [1789643166.214432025] [mpc_controller_node]: Coupled shadow admission reset: valid=true deadline=false status=0 iter=75 solve=18.874 ms primal=0.00823/0.00178 dual=0.000917/0.000309 violation=0.00758 tilt=0.010 thrust=11.283 samples=1
[px4_attitude_mode_node-4] [INFO] [1789643167.166360569] [px4_attitude_mode_node]: timeout while checking message compatibility
[vehicle_state_bridge_node-2] [INFO] [1789643167.925036712] [vehicle_state_bridge_node]: VehicleState timing: published=88 timestamp_reject=0 clock_switch=0 stale_reject=661 skew_reject=0 age_ms[pos att ang]=[10.1 5.4 5.4] gap_mean_ms[pos att ang]=[21.69 10.94 10.97] gap_max_ms[pos att ang]=[40.81 33.88 33.84] sample_skew_ms=4.000
[mpc_controller_node-3] [INFO] [1789643168.201898024] [mpc_controller_node]: MPC update seq=102 measured_x0=[p -0.005 0.036 -0.089 v 0.005 0.008 -0.072 a_hat -0.007 -0.023 -0.027 a_raw 0.003 -0.001 -0.027] u=[-0.011 -0.052 1.453] ref_age=11.0 ms state_age=5.3 ms solve=8.230 ms mean=8.967 ms max=20.992 ms coupled_valid=true tilt_max=0.005 thrust_max=11.772
[mpc_controller_node-3] [INFO] [1789643168.202221460] [mpc_controller_node]: Force/attitude setpoint seq=102 a_des=[-0.011 -0.052 1.453] specific_force=[-0.011 -0.052 11.260] collective=11.260 m/s^2 tilt=0.005 rad mode=tracking
[mpc_controller_node-3] [WARN] [1789643168.686924052] [mpc_controller_node]: Coupled shadow admission reset: valid=true deadline=false status=0 iter=50 solve=22.179 ms primal=0.00138/0.00226 dual=0.000558/0.000302 violation=0.00138 tilt=0.004 thrust=11.771 samples=83
[mpc_controller_node-3] [INFO] [1789643170.202362878] [mpc_controller_node]: MPC update seq=201 measured_x0=[p -0.005 0.026 -0.020 v -0.001 0.002 0.052 a_hat -0.000 -0.017 -0.040 a_raw 0.002 -0.002 -0.040] u=[0.007 -0.026 1.251] ref_age=9.7 ms state_age=7.8 ms solve=8.603 ms mean=9.230 ms max=27.312 ms coupled_valid=true tilt_max=0.002 thrust_max=11.488
[mpc_controller_node-3] [INFO] [1789643170.202693266] [mpc_controller_node]: Force/attitude setpoint seq=201 a_des=[0.007 -0.026 1.251] specific_force=[0.007 -0.026 11.057] collective=11.057 m/s^2 tilt=0.002 rad mode=tracking
[mpc_controller_node-3] [INFO] [1789643172.217431545] [mpc_controller_node]: MPC update seq=302 measured_x0=[p -0.013 0.013 0.002 v 0.006 -0.001 -0.007 a_hat 0.000 -0.004 -0.033 a_raw 0.009 -0.001 -0.033] u=[-0.006 -0.008 1.340] ref_age=12.0 ms state_age=8.2 ms solve=3.731 ms mean=7.993 ms max=27.312 ms coupled_valid=true tilt_max=0.001 thrust_max=11.581
[mpc_controller_node-3] [INFO] [1789643172.218233079] [mpc_controller_node]: Force/attitude setpoint seq=302 a_des=[-0.006 -0.008 1.340] specific_force=[-0.006 -0.008 11.146] collective=11.146 m/s^2 tilt=0.001 rad mode=tracking
[vehicle_state_bridge_node-2] [INFO] [1789643172.944801896] [vehicle_state_bridge_node]: VehicleState timing: published=339 timestamp_reject=0 clock_switch=0 stale_reject=661 skew_reject=0 age_ms[pos att ang]=[23.8 3.5 3.6] gap_mean_ms[pos att ang]=[22.32 11.19 11.20] gap_max_ms[pos att ang]=[80.35 49.81 50.03] sample_skew_ms=24.000
[mpc_controller_node-3] [INFO] [1789643174.218066520] [mpc_controller_node]: MPC update seq=402 measured_x0=[p -0.018 0.028 0.001 v 0.004 0.005 -0.044 a_hat -0.000 -0.020 -0.021 a_raw -0.003 -0.002 -0.021] u=[0.002 -0.038 1.384] ref_age=11.6 ms state_age=6.2 ms solve=4.435 ms mean=6.977 ms max=27.312 ms coupled_valid=true tilt_max=0.003 thrust_max=11.654
[mpc_controller_node-3] [INFO] [1789643174.218351102] [mpc_controller_node]: Force/attitude setpoint seq=402 a_des=[0.002 -0.038 1.384] specific_force=[0.002 -0.038 11.190] collective=11.190 m/s^2 tilt=0.003 rad mode=tracking
[mpc_controller_node-3] [WARN] [1789643175.957834108] [mpc_controller_node]: Coupled shadow admission reset: valid=true deadline=false status=0 iter=20 solve=23.933 ms primal=0.00616/0.00221 dual=0.0001/0.000301 violation=0.00353 tilt=0.001 thrust=11.713 samples=250
[mpc_controller_node-3] [INFO] [1789643176.240459370] [mpc_controller_node]: MPC update seq=503 measured_x0=[p -0.017 0.016 -0.029 v 0.002 -0.009 -0.063 a_hat 0.005 0.012 -0.029 a_raw 0.001 -0.001 -0.029] u=[0.009 0.010 1.401] ref_age=15.3 ms state_age=4.7 ms solve=3.749 ms mean=6.626 ms max=27.312 ms coupled_valid=true tilt_max=0.001 thrust_max=11.725
[mpc_controller_node-3] [INFO] [1789643176.240732562] [mpc_controller_node]: Force/attitude setpoint seq=503 a_des=[0.009 0.010 1.401] specific_force=[0.009 0.010 11.208] collective=11.208 m/s^2 tilt=0.001 rad mode=tracking
[vehicle_state_bridge_node-2] [INFO] [1789643177.964745326] [vehicle_state_bridge_node]: VehicleState timing: published=590 timestamp_reject=0 clock_switch=0 stale_reject=661 skew_reject=0 age_ms[pos att ang]=[15.8 15.8 15.8] gap_mean_ms[pos att ang]=[22.42 11.22 11.22] gap_max_ms[pos att ang]=[81.60 49.81 50.03] sample_skew_ms=20.000
[mpc_controller_node-3] [WARN] [1789643177.983488466] [mpc_controller_node]: Coupled shadow admission reset: valid=true deadline=false status=0 iter=30 solve=18.072 ms primal=0.00037/0.00194 dual=4.22e-05/0.000301 violation=0.00037 tilt=0.006 thrust=11.447 samples=11
[mpc_controller_node-3] [INFO] [1789643178.258396721] [mpc_controller_node]: MPC update seq=604 measured_x0=[p -0.027 0.039 -0.009 v 0.025 -0.019 -0.007 a_hat 0.067 -0.028 0.087 a_raw 0.025 -0.024 0.087] u=[-0.098 0.033 1.354] ref_age=11.9 ms state_age=6.1 ms solve=4.698 ms mean=6.709 ms max=27.312 ms coupled_valid=true tilt_max=0.009 thrust_max=11.585
[mpc_controller_node-3] [INFO] [1789643178.259679557] [mpc_controller_node]: Force/attitude setpoint seq=604 a_des=[-0.098 0.033 1.354] specific_force=[-0.098 0.033 11.161] collective=11.161 m/s^2 tilt=0.009 rad mode=tracking
[vehicle_state_bridge_node-2] [WARN] [1789643178.644838672] [vehicle_state_bridge_node]: VehicleState not published: reason=SAMPLE_SKEW pos_age=17.453 ms att_age=5.176 ms ang_age=5.225 ms sample_skew=1458.885 ms
[px4_attitude_mode_node-4] [INFO] [1789643179.000148648] [px4_attitude_mode_node]: MpcFlightMode ACTIVATED
[reference_generator_node-1] [INFO] [1789643179.001548620] [reference_generator_node]: External Mode activation; waiting for measured-position hold
[mpc_controller_node-3] [INFO] [1789643180.260496181] [mpc_controller_node]: MPC update seq=704 measured_x0=[p -0.095 0.089 0.549 v -0.065 0.018 0.523 a_hat 0.158 -0.118 -0.515 a_raw 0.063 -0.089 -0.515] u=[0.235 -0.100 -0.578] ref_age=13.3 ms state_age=8.7 ms solve=6.279 ms mean=6.518 ms max=30.444 ms coupled_valid=true tilt_max=0.029 thrust_max=9.798
[mpc_controller_node-3] [INFO] [1789643180.262345503] [mpc_controller_node]: Force/attitude setpoint seq=704 a_des=[0.235 -0.100 -0.578] specific_force=[0.235 -0.100 9.229] collective=9.233 m/s^2 tilt=0.028 rad mode=tracking
[mpc_controller_node-3] [WARN] [1789643180.672738302] [mpc_controller_node]: Coupled shadow admission reset: valid=true deadline=false status=0 iter=15 solve=19.148 ms primal=7.13e-05/0.00102 dual=3.75e-05/0.0003 violation=4.81e-19 tilt=0.026 thrust=9.800 samples=62
[mpc_controller_node-3] [INFO] [1789643182.268362829] [mpc_controller_node]: MPC update seq=804 measured_x0=[p -0.121 0.110 0.931 v -0.013 0.006 0.111 a_hat 0.068 -0.061 -0.099 a_raw 0.001 -0.025 -0.099] u=[0.135 -0.101 -0.163] ref_age=32.3 ms state_age=4.0 ms solve=1.787 ms mean=6.258 ms max=30.444 ms coupled_valid=true tilt_max=0.018 thrust_max=9.806
[mpc_controller_node-3] [INFO] [1789643182.269184205] [mpc_controller_node]: Force/attitude setpoint seq=804 a_des=[0.135 -0.101 -0.163] specific_force=[0.135 -0.101 9.644] collective=9.645 m/s^2 tilt=0.018 rad mode=tracking
[vehicle_state_bridge_node-2] [INFO] [1789643182.964821019] [vehicle_state_bridge_node]: VehicleState timing: published=839 timestamp_reject=0 clock_switch=2 stale_reject=661 skew_reject=1 age_ms[pos att ang]=[19.6 2.1 3.9] gap_mean_ms[pos att ang]=[23.15 11.59 11.59] gap_max_ms[pos att ang]=[81.60 49.81 50.37] sample_skew_ms=24.000
[mpc_controller_node-3] [INFO] [1789643184.282055289] [mpc_controller_node]: MPC update seq=905 measured_x0=[p -0.112 0.151 1.039 v -0.015 -0.006 0.024 a_hat 0.062 -0.068 -0.043 a_raw -0.002 -0.035 -0.043] u=[0.131 -0.102 -0.112] ref_age=12.3 ms state_age=12.3 ms solve=1.649 ms mean=6.086 ms max=31.326 ms coupled_valid=true tilt_max=0.017 thrust_max=9.824
[mpc_controller_node-3] [INFO] [1789643184.282218138] [mpc_controller_node]: Force/attitude setpoint seq=905 a_des=[0.131 -0.102 -0.112] specific_force=[0.131 -0.102 9.694] collective=9.696 m/s^2 tilt=0.017 rad mode=tracking
[mpc_controller_node-3] [INFO] [1789643186.310353186] [mpc_controller_node]: MPC update seq=1006 measured_x0=[p -0.138 0.161 1.097 v -0.022 -0.020 -0.016 a_hat 0.090 -0.033 -0.021 a_raw 0.038 0.003 -0.021] u=[0.170 -0.079 -0.103] ref_age=17.1 ms state_age=6.7 ms solve=10.662 ms mean=5.853 ms max=31.326 ms coupled_valid=true tilt_max=0.020 thrust_max=9.842
[mpc_controller_node-3] [INFO] [1789643186.311463040] [mpc_controller_node]: Force/attitude setpoint seq=1006 a_des=[0.170 -0.079 -0.103] specific_force=[0.170 -0.079 9.704] collective=9.706 m/s^2 tilt=0.019 rad mode=tracking
[vehicle_state_bridge_node-2] [INFO] [1789643187.984723296] [vehicle_state_bridge_node]: VehicleState timing: published=1090 timestamp_reject=0 clock_switch=2 stale_reject=661 skew_reject=1 age_ms[pos att ang]=[6.4 4.9 4.9] gap_mean_ms[pos att ang]=[23.26 11.64 11.65] gap_max_ms[pos att ang]=[91.23 80.43 80.43] sample_skew_ms=16.000
[mpc_controller_node-3] [INFO] [1789643188.314498549] [mpc_controller_node]: MPC update seq=1107 measured_x0=[p -0.176 0.121 1.093 v -0.013 -0.013 -0.055 a_hat 0.096 -0.028 -0.000 a_raw 0.037 0.002 -0.000] u=[0.174 -0.066 -0.002] ref_age=12.6 ms state_age=7.8 ms solve=1.097 ms mean=5.539 ms max=31.326 ms coupled_valid=true tilt_max=0.019 thrust_max=9.838
[mpc_controller_node-3] [INFO] [1789643188.314592237] [mpc_controller_node]: Force/attitude setpoint seq=1107 a_des=[0.174 -0.066 -0.002] specific_force=[0.174 -0.066 9.804] collective=9.806 m/s^2 tilt=0.019 rad mode=tracking
[mpc_controller_node-3] [INFO] [1789643190.315613921] [mpc_controller_node]: MPC update seq=1207 measured_x0=[p -0.191 0.052 1.075 v 0.013 0.002 -0.039 a_hat 0.050 -0.015 -0.011 a_raw -0.014 0.012 -0.011] u=[0.126 -0.053 -0.015] ref_age=12.2 ms state_age=7.5 ms solve=1.996 ms mean=5.266 ms max=31.326 ms coupled_valid=true tilt_max=0.014 thrust_max=9.832
[mpc_controller_node-3] [INFO] [1789643190.315923509] [mpc_controller_node]: Force/attitude setpoint seq=1207 a_des=[0.126 -0.053 -0.015] specific_force=[0.126 -0.053 9.792] collective=9.793 m/s^2 tilt=0.014 rad mode=tracking
[mpc_controller_node-3] [INFO] [1789643192.320015796] [mpc_controller_node]: MPC update seq=1307 measured_x0=[p -0.215 0.067 1.091 v 0.009 -0.000 -0.037 a_hat 0.085 -0.031 -0.036 a_raw 0.016 0.001 -0.036] u=[0.149 -0.053 -0.040] ref_age=11.2 ms state_age=6.6 ms solve=5.887 ms mean=5.066 ms max=31.326 ms coupled_valid=true tilt_max=0.016 thrust_max=9.837
[mpc_controller_node-3] [INFO] [1789643192.323644858] [mpc_controller_node]: Force/attitude setpoint seq=1307 a_des=[0.149 -0.053 -0.040] specific_force=[0.149 -0.053 9.767] collective=9.768 m/s^2 tilt=0.016 rad mode=tracking
[vehicle_state_bridge_node-2] [INFO] [1789643192.985001670] [vehicle_state_bridge_node]: VehicleState timing: published=1340 timestamp_reject=0 clock_switch=2 stale_reject=661 skew_reject=1 age_ms[pos att ang]=[12.2 1.3 1.4] gap_mean_ms[pos att ang]=[22.72 11.37 11.37] gap_max_ms[pos att ang]=[91.23 80.43 80.43] sample_skew_ms=32.000
[vehicle_state_bridge_node-2] [WARN] [1789643193.144923601] [vehicle_state_bridge_node]: VehicleState not published: reason=SAMPLE_SKEW pos_age=17.910 ms att_age=15.327 ms ang_age=15.404 ms sample_skew=1789643158070.819 ms
[mpc_controller_node-3] [INFO] [1789643194.336089076] [mpc_controller_node]: MPC update seq=1408 measured_x0=[p -0.196 0.042 1.136 v 0.010 0.011 0.032 a_hat 0.066 -0.017 -0.244 a_raw -0.001 0.022 -0.244] u=[0.135 -0.067 -0.262] ref_age=12.2 ms state_age=8.2 ms solve=2.272 ms mean=4.940 ms max=31.326 ms coupled_valid=true tilt_max=0.016 thrust_max=9.862
[mpc_controller_node-3] [INFO] [1789643194.336402746] [mpc_controller_node]: Force/attitude setpoint seq=1408 a_des=[0.135 -0.067 -0.262] specific_force=[0.135 -0.067 9.545] collective=9.546 m/s^2 tilt=0.016 rad mode=tracking
[reference_generator_node-1] [INFO] [1789643195.281504020] [reference_generator_node]: Mission replacement requested; waiting for measured-position hold
[reference_generator_node-1] [ERROR] [1789643195.281954976] [reference_generator_node]: Mission request rejected: fresh control-ready vehicle state is unavailable
[mpc_controller_node-3] [INFO] [1789643196.356788507] [mpc_controller_node]: MPC update seq=1509 measured_x0=[p -0.152 0.052 1.009 v -0.002 0.005 -0.045 a_hat 0.054 -0.027 0.086 a_raw -0.004 0.002 0.086] u=[0.132 -0.058 0.091] ref_age=10.6 ms state_age=7.2 ms solve=3.108 ms mean=4.832 ms max=31.326 ms coupled_valid=true tilt_max=0.015 thrust_max=9.934
[mpc_controller_node-3] [INFO] [1789643196.357134246] [mpc_controller_node]: Force/attitude setpoint seq=1509 a_des=[0.132 -0.058 0.091] specific_force=[0.132 -0.058 9.898] collective=9.899 m/s^2 tilt=0.015 rad mode=tracking
[vehicle_state_bridge_node-2] [INFO] [1789643198.004681156] [vehicle_state_bridge_node]: VehicleState timing: published=1590 timestamp_reject=0 clock_switch=6 stale_reject=661 skew_reject=2 age_ms[pos att ang]=[16.0 0.7 6.9] gap_mean_ms[pos att ang]=[22.54 11.28 11.28] gap_max_ms[pos att ang]=[91.23 80.43 80.43] sample_skew_ms=16.000
[mpc_controller_node-3] [INFO] [1789643198.376017108] [mpc_controller_node]: MPC update seq=1610 measured_x0=[p -0.184 0.048 0.949 v 0.007 -0.001 0.030 a_hat 0.065 -0.011 -0.008 a_raw -0.006 0.032 -0.008] u=[0.132 -0.041 0.001] ref_age=12.2 ms state_age=7.8 ms solve=2.413 ms mean=4.715 ms max=31.326 ms coupled_valid=true tilt_max=0.014 thrust_max=9.809
[mpc_controller_node-3] [INFO] [1789643198.379066968] [mpc_controller_node]: Force/attitude setpoint seq=1610 a_des=[0.132 -0.041 0.001] specific_force=[0.132 -0.041 9.808] collective=9.809 m/s^2 tilt=0.014 rad mode=tracking
[mpc_controller_node-3] [INFO] [1789643200.376637143] [mpc_controller_node]: MPC update seq=1710 measured_x0=[p -0.200 0.039 0.993 v -0.002 0.019 0.014 a_hat 0.096 -0.035 -0.025 a_raw 0.035 -0.005 -0.025] u=[0.164 -0.081 -0.021] ref_age=12.4 ms state_age=8.4 ms solve=2.669 ms mean=4.612 ms max=31.326 ms coupled_valid=true tilt_max=0.019 thrust_max=9.807
[mpc_controller_node-3] [INFO] [1789643200.395801293] [mpc_controller_node]: Force/attitude setpoint seq=1711 a_des=[0.164 -0.083 -0.021] specific_force=[0.164 -0.083 9.785] collective=9.787 m/s^2 tilt=0.019 rad mode=tracking
[mpc_controller_node-3] [INFO] [1789643202.376731057] [mpc_controller_node]: MPC update seq=1810 measured_x0=[p -0.195 0.085 1.038 v 0.013 0.008 -0.003 a_hat 0.057 -0.052 -0.028 a_raw -0.013 -0.018 -0.028] u=[0.127 -0.088 -0.043] ref_age=9.6 ms state_age=8.5 ms solve=2.483 ms mean=4.588 ms max=31.326 ms coupled_valid=true tilt_max=0.016 thrust_max=9.821
[mpc_controller_node-3] [INFO] [1789643202.416351376] [mpc_controller_node]: Force/attitude setpoint seq=1812 a_des=[0.127 -0.088 -0.057] specific_force=[0.127 -0.088 9.750] collective=9.751 m/s^2 tilt=0.016 rad mode=tracking
[vehicle_state_bridge_node-2] [INFO] [1789643203.024820127] [vehicle_state_bridge_node]: VehicleState timing: published=1841 timestamp_reject=0 clock_switch=6 stale_reject=661 skew_reject=2 age_ms[pos att ang]=[9.3 4.8 0.7] gap_mean_ms[pos att ang]=[22.53 11.28 11.28] gap_max_ms[pos att ang]=[91.23 80.43 80.43] sample_skew_ms=16.000
[mpc_controller_node-3] [INFO] [1789643204.395334645] [mpc_controller_node]: MPC update seq=1911 measured_x0=[p -0.189 0.070 1.068 v 0.003 -0.003 -0.036 a_hat 0.071 -0.021 -0.003 a_raw 0.006 0.010 -0.003] u=[0.146 -0.052 -0.012] ref_age=11.3 ms state_age=8.1 ms solve=1.806 ms mean=4.470 ms max=31.326 ms coupled_valid=true tilt_max=0.016 thrust_max=9.830
[mpc_controller_node-3] [INFO] [1789643204.437058595] [mpc_controller_node]: Force/attitude setpoint seq=1913 a_des=[0.147 -0.051 -0.011] specific_force=[0.147 -0.051 9.795] collective=9.797 m/s^2 tilt=0.016 rad mode=tracking
[reference_generator_node-1] [INFO] [1789643204.896736649] [reference_generator_node]: Mission replacement requested; waiting for measured-position hold
[reference_generator_node-1] [ERROR] [1789643204.896925367] [reference_generator_node]: Mission request rejected: fresh control-ready vehicle state is unavailable
[mpc_controller_node-3] [INFO] [1789643206.396603511] [mpc_controller_node]: MPC update seq=2011 measured_x0=[p -0.195 0.059 1.080 v 0.007 -0.001 -0.041 a_hat 0.072 -0.022 -0.022 a_raw 0.008 0.006 -0.022] u=[0.139 -0.044 -0.019] ref_age=11.8 ms state_age=7.8 ms solve=3.040 ms mean=4.377 ms max=31.326 ms coupled_valid=true tilt_max=0.015 thrust_max=9.834
[mpc_controller_node-3] [INFO] [1789643206.437594767] [mpc_controller_node]: Force/attitude setpoint seq=2013 a_des=[0.140 -0.044 -0.017] specific_force=[0.140 -0.044 9.789] collective=9.790 m/s^2 tilt=0.015 rad mode=tracking
[vehicle_state_bridge_node-2] [WARN] [1789643206.764751481] [vehicle_state_bridge_node]: VehicleState not published: reason=SAMPLE_SKEW pos_age=1.335 ms att_age=1.363 ms ang_age=1.405 ms sample_skew=1789643158243.200 ms
[vehicle_state_bridge_node-2] [INFO] [1789643208.045243608] [vehicle_state_bridge_node]: VehicleState timing: published=2091 timestamp_reject=0 clock_switch=10 stale_reject=661 skew_reject=3 age_ms[pos att ang]=[4.9 9.6 4.5] gap_mean_ms[pos att ang]=[22.23 11.13 11.13] gap_max_ms[pos att ang]=[91.23 80.43 80.43] sample_skew_ms=8.301
[mpc_controller_node-3] [INFO] [1789643208.415985709] [mpc_controller_node]: MPC update seq=2112 measured_x0=[p -0.205 0.068 1.086 v 0.010 0.010 -0.041 a_hat 0.068 -0.046 -0.026 a_raw -0.001 -0.022 -0.026] u=[0.143 -0.080 -0.026] ref_age=11.7 ms state_age=8.3 ms solve=2.318 ms mean=4.289 ms max=31.326 ms coupled_valid=true tilt_max=0.017 thrust_max=9.836
[mpc_controller_node-3] [INFO] [1789643208.455848435] [mpc_controller_node]: Force/attitude setpoint seq=2114 a_des=[0.142 -0.079 -0.027] specific_force=[0.142 -0.079 9.780] collective=9.781 m/s^2 tilt=0.017 rad mode=tracking
[mpc_controller_node-3] [INFO] [1789643210.416530780] [mpc_controller_node]: MPC update seq=2212 measured_x0=[p -0.202 0.049 1.107 v 0.008 0.008 -0.050 a_hat 0.075 -0.020 -0.026 a_raw 0.009 0.015 -0.026] u=[0.141 -0.065 -0.035] ref_age=12.6 ms state_age=8.4 ms solve=2.426 ms mean=4.212 ms max=31.326 ms coupled_valid=true tilt_max=0.016 thrust_max=9.843
[mpc_controller_node-3] [INFO] [1789643210.456354652] [mpc_controller_node]: Force/attitude setpoint seq=2214 a_des=[0.141 -0.067 -0.034] specific_force=[0.141 -0.067 9.772] collective=9.774 m/s^2 tilt=0.016 rad mode=tracking
[mpc_controller_node-3] [INFO] [1789643212.416765348] [mpc_controller_node]: MPC update seq=2312 measured_x0=[p -0.190 0.058 1.125 v 0.010 -0.003 -0.060 a_hat 0.063 -0.019 -0.035 a_raw -0.002 0.014 -0.035] u=[0.127 -0.041 -0.035] ref_age=11.9 ms state_age=7.6 ms solve=2.865 ms mean=4.128 ms max=31.326 ms coupled_valid=true tilt_max=0.014 thrust_max=9.849
[mpc_controller_node-3] [INFO] [1789643212.476235250] [mpc_controller_node]: Force/attitude setpoint seq=2315 a_des=[0.127 -0.043 -0.034] specific_force=[0.127 -0.043 9.773] collective=9.774 m/s^2 tilt=0.014 rad mode=tracking
[vehicle_state_bridge_node-2] [INFO] [1789643213.064955512] [vehicle_state_bridge_node]: VehicleState timing: published=2342 timestamp_reject=0 clock_switch=10 stale_reject=661 skew_reject=3 age_ms[pos att ang]=[15.9 10.8 6.4] gap_mean_ms[pos att ang]=[21.98 11.00 11.00] gap_max_ms[pos att ang]=[91.23 80.43 80.43] sample_skew_ms=20.000
[mpc_controller_node-3] [INFO] [1789643214.436680240] [mpc_controller_node]: MPC update seq=2413 measured_x0=[p -0.181 0.077 1.144 v 0.008 0.001 -0.041 a_hat 0.054 -0.036 -0.123 a_raw -0.020 -0.004 -0.123] u=[0.128 -0.065 -0.106] ref_age=11.6 ms state_age=8.4 ms solve=2.427 ms mean=4.094 ms max=31.326 ms coupled_valid=true tilt_max=0.015 thrust_max=9.856
[mpc_controller_node-3] [INFO] [1789643214.495415105] [mpc_controller_node]: Force/attitude setpoint seq=2416 a_des=[0.131 -0.063 -0.094] specific_force=[0.131 -0.063 9.713] collective=9.714 m/s^2 tilt=0.015 rad mode=tracking
[mpc_controller_node-3] [INFO] [1789643216.460617381] [mpc_controller_node]: MPC update seq=2514 measured_x0=[p -0.168 0.079 1.056 v -0.004 0.007 -0.038 a_hat 0.078 -0.043 0.011 a_raw 0.015 -0.011 0.011] u=[0.145 -0.081 0.011] ref_age=12.2 ms state_age=9.9 ms solve=5.444 ms mean=4.053 ms max=31.326 ms coupled_valid=true tilt_max=0.017 thrust_max=9.828
[mpc_controller_node-3] [INFO] [1789643216.507327121] [mpc_controller_node]: Force/attitude setpoint seq=2516 a_des=[0.143 -0.082 0.010] specific_force=[0.143 -0.082 9.817] collective=9.818 m/s^2 tilt=0.017 rad mode=tracking
[vehicle_state_bridge_node-2] [INFO] [1789643218.084724202] [vehicle_state_bridge_node]: VehicleState timing: published=2593 timestamp_reject=0 clock_switch=10 stale_reject=661 skew_reject=3 age_ms[pos att ang]=[5.5 1.1 5.5] gap_mean_ms[pos att ang]=[21.99 11.00 11.00] gap_max_ms[pos att ang]=[91.23 80.43 80.43] sample_skew_ms=4.000
[mpc_controller_node-3] [INFO] [1789643218.476382653] [mpc_controller_node]: MPC update seq=2615 measured_x0=[p -0.178 0.092 1.059 v -0.005 0.002 -0.013 a_hat 0.084 -0.036 -0.053 a_raw 0.018 -0.001 -0.053] u=[0.156 -0.081 -0.052] ref_age=8.5 ms state_age=8.6 ms solve=2.042 ms mean=4.018 ms max=31.326 ms coupled_valid=true tilt_max=0.018 thrust_max=9.827
[mpc_controller_node-3] [INFO] [1789643218.518078855] [mpc_controller_node]: Force/attitude setpoint seq=2617 a_des=[0.156 -0.083 -0.050] specific_force=[0.156 -0.083 9.756] collective=9.758 m/s^2 tilt=0.018 rad mode=tracking
[mpc_controller_node-3] [WARN] [1789643218.802738216] [mpc_controller_node]: Coupled shadow admission reset: valid=true deadline=false status=0 iter=9 solve=22.339 ms primal=7.85e-17/0.00047 dual=4.75e-05/0.0003 violation=1.6e-19 tilt=0.018 thrust=9.826 samples=250
[mpc_controller_node-3] [WARN] [1789643218.824310871] [mpc_controller_node]: MPC failed: solver not converged coupled_status=4 iter=0 primal=6.99e-17 dual=0.00969 solve=20.163 ms; recovery a=[0.00 -0.00 -0.01]
[mpc_controller_node-3] [INFO] [1789643220.478750640] [mpc_controller_node]: MPC update seq=2715 measured_x0=[p -0.179 0.076 1.024 v 0.007 -0.006 -0.022 a_hat 0.058 -0.010 0.018 a_raw -0.008 0.028 0.018] u=[0.131 -0.050 0.016] ref_age=5.2 ms state_age=5.4 ms solve=5.103 ms mean=4.057 ms max=31.326 ms coupled_valid=true tilt_max=0.015 thrust_max=9.830
[mpc_controller_node-3] [INFO] [1789643220.522158676] [mpc_controller_node]: Force/attitude setpoint seq=2717 a_des=[0.130 -0.052 0.016] specific_force=[0.130 -0.052 9.822] collective=9.823 m/s^2 tilt=0.014 rad mode=tracking
[mpc_controller_node-3] [WARN] [1789643221.021614246] [mpc_controller_node]: Coupled shadow admission reset: valid=true deadline=false status=0 iter=10 solve=25.585 ms primal=6.99e-17/0.00044 dual=4.52e-05/0.0003 violation=9.4e-20 tilt=0.015 thrust=9.815 samples=41
[mpc_controller_node-3] [INFO] [1789643222.480750850] [mpc_controller_node]: MPC update seq=2815 measured_x0=[p -0.168 0.073 1.035 v 0.005 -0.008 -0.005 a_hat 0.067 -0.017 -0.034 a_raw 0.004 0.015 -0.034] u=[0.124 -0.041 -0.038] ref_age=17.1 ms state_age=12.5 ms solve=2.405 ms mean=4.085 ms max=31.326 ms coupled_valid=true tilt_max=0.013 thrust_max=9.819
[mpc_controller_node-3] [INFO] [1789643222.531219117] [mpc_controller_node]: Force/attitude setpoint seq=2817 a_des=[0.122 -0.041 -0.036] specific_force=[0.122 -0.041 9.771] collective=9.771 m/s^2 tilt=0.013 rad mode=tracking
[vehicle_state_bridge_node-2] [INFO] [1789643223.105530839] [vehicle_state_bridge_node]: VehicleState timing: published=2844 timestamp_reject=0 clock_switch=10 stale_reject=661 skew_reject=3 age_ms[pos att ang]=[12.9 6.1 12.9] gap_mean_ms[pos att ang]=[22.73 11.37 11.37] gap_max_ms[pos att ang]=[91.23 80.43 80.43] sample_skew_ms=12.000
[mpc_controller_node-3] [WARN] [1789643224.197575446] [mpc_controller_node]: Coupled shadow admission reset: valid=true deadline=false status=0 iter=10 solve=22.798 ms primal=3.93e-17/0.00046 dual=3.16e-05/0.0003 violation=2.04e-19 tilt=0.017 thrust=9.816 samples=71
[mpc_controller_node-3] [INFO] [1789643224.488073695] [mpc_controller_node]: MPC update seq=2914 measured_x0=[p -0.148 0.088 1.021 v -0.007 0.008 -0.012 a_hat 0.065 -0.051 -0.008 a_raw 0.007 -0.016 -0.008] u=[0.141 -0.092 -0.002] ref_age=10.2 ms state_age=6.9 ms solve=13.032 ms mean=4.146 ms max=31.326 ms coupled_valid=true tilt_max=0.017 thrust_max=9.814
[mpc_controller_node-3] [INFO] [1789643224.535176321] [mpc_controller_node]: Force/attitude setpoint seq=2917 a_des=[0.143 -0.092 -0.000] specific_force=[0.143 -0.092 9.806] collective=9.808 m/s^2 tilt=0.017 rad mode=tracking
[mpc_controller_node-3] [INFO] [1789643226.498977302] [mpc_controller_node]: MPC update seq=3015 measured_x0=[p -0.174 0.079 0.975 v 0.004 -0.006 0.011 a_hat 0.061 -0.016 0.021 a_raw -0.004 0.023 0.021] u=[0.133 -0.052 0.010] ref_age=11.4 ms state_age=7.5 ms solve=5.303 ms mean=4.134 ms max=31.326 ms coupled_valid=true tilt_max=0.015 thrust_max=9.820
[mpc_controller_node-3] [INFO] [1789643226.536227238] [mpc_controller_node]: Force/attitude setpoint seq=3017 a_des=[0.134 -0.054 0.008] specific_force=[0.134 -0.054 9.815] collective=9.816 m/s^2 tilt=0.015 rad mode=tracking
[vehicle_state_bridge_node-2] [INFO] [1789643228.124743272] [vehicle_state_bridge_node]: VehicleState timing: published=3095 timestamp_reject=0 clock_switch=10 stale_reject=661 skew_reject=3 age_ms[pos att ang]=[9.1 9.1 9.2] gap_mean_ms[pos att ang]=[22.90 11.46 11.46] gap_max_ms[pos att ang]=[91.23 80.43 80.43] sample_skew_ms=10.593
[mpc_controller_node-3] [INFO] [1789643228.516647031] [mpc_controller_node]: MPC update seq=3116 measured_x0=[p -0.167 0.086 1.001 v 0.003 -0.001 0.006 a_hat 0.059 -0.038 -0.009 a_raw -0.004 -0.004 -0.009] u=[0.132 -0.067 -0.015] ref_age=9.7 ms state_age=8.3 ms solve=2.888 ms mean=4.100 ms max=31.326 ms coupled_valid=true tilt_max=0.015 thrust_max=9.808
[mpc_controller_node-3] [INFO] [1789643228.537563595] [mpc_controller_node]: Force/attitude setpoint seq=3117 a_des=[0.132 -0.066 -0.015] specific_force=[0.132 -0.066 9.792] collective=9.793 m/s^2 tilt=0.015 rad mode=tracking
[mpc_controller_node-3] [INFO] [1789643230.516914505] [mpc_controller_node]: MPC update seq=3216 measured_x0=[p -0.193 0.074 1.029 v -0.004 0.001 -0.015 a_hat 0.084 -0.028 -0.010 a_raw 0.019 0.005 -0.010] u=[0.166 -0.064 -0.007] ref_age=6.9 ms state_age=7.0 ms solve=2.508 ms mean=4.076 ms max=31.326 ms coupled_valid=true tilt_max=0.019 thrust_max=9.817
[mpc_controller_node-3] [INFO] [1789643230.538632207] [mpc_controller_node]: Force/attitude setpoint seq=3217 a_des=[0.167 -0.065 -0.008] specific_force=[0.167 -0.065 9.799] collective=9.801 m/s^2 tilt=0.018 rad mode=tracking
[mpc_controller_node-3] [WARN] [1789643231.753850664] [mpc_controller_node]: Coupled shadow admission reset: valid=true deadline=false status=0 iter=10 solve=18.208 ms primal=6.59e-17/0.000513 dual=0.000169/0.0003 violation=9.65e-20 tilt=0.015 thrust=9.831 samples=250
[mpc_controller_node-3] [WARN] [1789643231.787233030] [mpc_controller_node]: MPC failed: solver not converged coupled_status=4 iter=1 primal=6.59e-17 dual=0.013 solve=25.996 ms; recovery a=[-0.01 0.00 -0.05]
[mpc_controller_node-3] [INFO] [1789643232.517663607] [mpc_controller_node]: MPC update seq=3316 measured_x0=[p -0.183 0.056 1.077 v 0.010 -0.005 -0.023 a_hat 0.054 -0.009 -0.065 a_raw -0.015 0.024 -0.065] u=[0.126 -0.036 -0.054] ref_age=12.2 ms state_age=8.3 ms solve=3.956 ms mean=4.087 ms max=31.326 ms coupled_valid=true tilt_max=0.014 thrust_max=9.833
[mpc_controller_node-3] [INFO] [1789643232.551096479] [mpc_controller_node]: Force/attitude setpoint seq=3317 a_des=[0.127 -0.036 -0.053] specific_force=[0.127 -0.036 9.754] collective=9.755 m/s^2 tilt=0.013 rad mode=tracking
[vehicle_state_bridge_node-2] [INFO] [1789643233.124756785] [vehicle_state_bridge_node]: VehicleState timing: published=3345 timestamp_reject=0 clock_switch=10 stale_reject=661 skew_reject=3 age_ms[pos att ang]=[4.4 1.0 1.0] gap_mean_ms[pos att ang]=[22.86 11.44 11.44] gap_max_ms[pos att ang]=[91.23 80.43 80.43] sample_skew_ms=4.000
[mpc_controller_node-3] [INFO] [1789643234.535919522] [mpc_controller_node]: MPC update seq=3416 measured_x0=[p -0.172 0.069 1.030 v 0.003 0.006 -0.023 a_hat 0.064 -0.035 0.014 a_raw 0.002 -0.005 0.014] u=[0.133 -0.072 0.010] ref_age=11.3 ms state_age=6.3 ms solve=2.021 ms mean=4.069 ms max=31.326 ms coupled_valid=true tilt_max=0.016 thrust_max=9.821
[mpc_controller_node-3] [INFO] [1789643234.559252431] [mpc_controller_node]: Force/attitude setpoint seq=3417 a_des=[0.133 -0.073 0.009] specific_force=[0.133 -0.073 9.816] collective=9.817 m/s^2 tilt=0.015 rad mode=tracking
[mpc_controller_node-3] [INFO] [1789643236.536103327] [mpc_controller_node]: MPC update seq=3516 measured_x0=[p -0.170 0.115 1.059 v -0.008 -0.000 -0.025 a_hat 0.084 -0.055 -0.021 a_raw 0.026 -0.028 -0.021] u=[0.158 -0.091 -0.023] ref_age=12.1 ms state_age=7.3 ms solve=2.230 ms mean=4.039 ms max=31.326 ms coupled_valid=true tilt_max=0.019 thrust_max=9.826
[mpc_controller_node-3] [INFO] [1789643236.575973647] [mpc_controller_node]: Force/attitude setpoint seq=3518 a_des=[0.157 -0.088 -0.024] specific_force=[0.157 -0.088 9.783] collective=9.785 m/s^2 tilt=0.018 rad mode=tracking
[vehicle_state_bridge_node-2] [INFO] [1789643238.124924595] [vehicle_state_bridge_node]: VehicleState timing: published=3595 timestamp_reject=0 clock_switch=10 stale_reject=661 skew_reject=3 age_ms[pos att ang]=[5.1 8.0 8.3] gap_mean_ms[pos att ang]=[22.84 11.43 11.43] gap_max_ms[pos att ang]=[91.23 80.43 80.43] sample_skew_ms=8.000
[mpc_controller_node-3] [INFO] [1789643238.556400871] [mpc_controller_node]: MPC update seq=3617 measured_x0=[p -0.141 0.084 1.043 v -0.006 -0.008 -0.022 a_hat 0.055 -0.021 0.001 a_raw -0.008 0.007 0.001] u=[0.135 -0.050 -0.009] ref_age=12.8 ms state_age=26.5 ms solve=2.783 ms mean=4.018 ms max=31.326 ms coupled_valid=true tilt_max=0.015 thrust_max=9.821
[mpc_controller_node-3] [INFO] [1789643238.576829988] [mpc_controller_node]: Force/attitude setpoint seq=3618 a_des=[0.135 -0.048 -0.009] specific_force=[0.135 -0.048 9.798] collective=9.799 m/s^2 tilt=0.015 rad mode=tracking
[mpc_controller_node-3] [INFO] [1789643240.556503646] [mpc_controller_node]: MPC update seq=3717 measured_x0=[p -0.164 0.089 1.080 v -0.006 0.003 -0.006 a_hat 0.077 -0.039 -0.126 a_raw 0.015 -0.007 -0.126] u=[0.147 -0.080 -0.098] ref_age=11.9 ms state_age=7.9 ms solve=2.403 ms mean=4.007 ms max=31.326 ms coupled_valid=true tilt_max=0.018 thrust_max=9.836
[mpc_controller_node-3] [INFO] [1789643240.596695821] [mpc_controller_node]: Force/attitude setpoint seq=3719 a_des=[0.147 -0.082 -0.090] specific_force=[0.147 -0.082 9.717] collective=9.718 m/s^2 tilt=0.017 rad mode=tracking
[mpc_controller_node-3] [INFO] [1789643242.576208815] [mpc_controller_node]: MPC update seq=3818 measured_x0=[p -0.155 0.139 1.005 v -0.003 -0.005 -0.019 a_hat 0.067 -0.060 0.042 a_raw -0.002 -0.025 0.042] u=[0.135 -0.096 0.037] ref_age=12.4 ms state_age=8.3 ms solve=1.883 ms mean=3.992 ms max=31.326 ms coupled_valid=true tilt_max=0.017 thrust_max=9.858
[mpc_controller_node-3] [INFO] [1789643242.618550831] [mpc_controller_node]: Force/attitude setpoint seq=3820 a_des=[0.136 -0.094 0.036] specific_force=[0.136 -0.094 9.843] collective=9.844 m/s^2 tilt=0.017 rad mode=tracking
[vehicle_state_bridge_node-2] [INFO] [1789643243.144663259] [vehicle_state_bridge_node]: VehicleState timing: published=3846 timestamp_reject=0 clock_switch=10 stale_reject=661 skew_reject=3 age_ms[pos att ang]=[0.5 5.8 5.8] gap_mean_ms[pos att ang]=[22.87 11.45 11.45] gap_max_ms[pos att ang]=[91.23 80.43 80.43] sample_skew_ms=8.000
[mpc_controller_node-3] [INFO] [1789643244.598036855] [mpc_controller_node]: MPC update seq=3919 measured_x0=[p -0.166 0.118 0.987 v -0.003 -0.008 0.009 a_hat 0.069 -0.034 0.003 a_raw 0.005 -0.004 0.003] u=[0.143 -0.076 -0.001] ref_age=12.0 ms state_age=7.0 ms solve=4.294 ms mean=3.974 ms max=31.326 ms coupled_valid=true tilt_max=0.017 thrust_max=9.807
[mpc_controller_node-3] [INFO] [1789643244.636494731] [mpc_controller_node]: Force/attitude setpoint seq=3921 a_des=[0.143 -0.076 -0.004] specific_force=[0.143 -0.076 9.803] collective=9.804 m/s^2 tilt=0.017 rad mode=tracking
[mpc_controller_node-3] [INFO] [1789643246.619837932] [mpc_controller_node]: MPC update seq=4020 measured_x0=[p -0.146 0.080 1.010 v -0.009 -0.003 -0.003 a_hat 0.063 -0.018 -0.014 a_raw -0.006 0.018 -0.014] u=[0.143 -0.061 -0.008] ref_age=12.4 ms state_age=8.2 ms solve=6.190 ms mean=3.965 ms max=31.326 ms coupled_valid=true tilt_max=0.016 thrust_max=9.810
[mpc_controller_node-3] [INFO] [1789643246.637607618] [mpc_controller_node]: Force/attitude setpoint seq=4021 a_des=[0.144 -0.061 -0.008] specific_force=[0.144 -0.061 9.798] collective=9.800 m/s^2 tilt=0.016 rad mode=tracking
[mpc_controller_node-3] [WARN] [1789643247.200834653] [mpc_controller_node]: Coupled shadow admission reset: valid=true deadline=false status=0 iter=10 solve=21.185 ms primal=4.95e-17/0.000451 dual=3.54e-05/0.0003 violation=1.32e-19 tilt=0.016 thrust=9.813 samples=250
[vehicle_state_bridge_node-2] [INFO] [1789643248.144680447] [vehicle_state_bridge_node]: VehicleState timing: published=4096 timestamp_reject=0 clock_switch=14 stale_reject=661 skew_reject=3 age_ms[pos att ang]=[11.3 1.3 1.3] gap_mean_ms[pos att ang]=[22.95 11.49 11.48] gap_max_ms[pos att ang]=[91.23 80.43 80.43] sample_skew_ms=16.000
[mpc_controller_node-3] [INFO] [1789643248.638956651] [mpc_controller_node]: MPC update seq=4121 measured_x0=[p -0.187 0.090 1.040 v -0.001 -0.003 -0.017 a_hat 0.082 -0.042 -0.037 a_raw 0.017 -0.011 -0.037] u=[0.152 -0.064 -0.018] ref_age=12.8 ms state_age=7.2 ms solve=4.925 ms mean=3.954 ms max=31.326 ms coupled_valid=true tilt_max=0.017 thrust_max=9.820
[mpc_controller_node-3] [INFO] [1789643248.639354053] [mpc_controller_node]: Force/attitude setpoint seq=4121 a_des=[0.152 -0.064 -0.018] specific_force=[0.152 -0.064 9.789] collective=9.790 m/s^2 tilt=0.017 rad mode=tracking
[mpc_controller_node-3] [INFO] [1789643250.642184447] [mpc_controller_node]: Force/attitude setpoint seq=4221 a_des=[0.137 -0.059 0.014] specific_force=[0.137 -0.059 9.821] collective=9.822 m/s^2 tilt=0.015 rad mode=tracking
[mpc_controller_node-3] [INFO] [1789643250.660083276] [mpc_controller_node]: MPC update seq=4222 measured_x0=[p -0.178 0.073 0.990 v 0.003 -0.001 0.000 a_hat 0.061 -0.016 0.015 a_raw -0.009 0.024 0.015] u=[0.138 -0.061 0.014] ref_age=11.0 ms state_age=8.3 ms solve=6.222 ms mean=3.934 ms max=31.326 ms coupled_valid=true tilt_max=0.016 thrust_max=9.826
[mpc_controller_node-3] [INFO] [1789643252.672029510] [mpc_controller_node]: MPC update seq=4322 measured_x0=[p -0.166 0.088 1.035 v 0.004 0.003 -0.005 a_hat 0.053 -0.039 -0.048 a_raw -0.009 -0.003 -0.048] u=[0.128 -0.080 -0.038] ref_age=16.2 ms state_age=9.7 ms solve=14.101 ms mean=3.935 ms max=31.326 ms coupled_valid=true tilt_max=0.016 thrust_max=9.819
[mpc_controller_node-3] [INFO] [1789643252.672231140] [mpc_controller_node]: Force/attitude setpoint seq=4322 a_des=[0.128 -0.080 -0.038] specific_force=[0.128 -0.080 9.768] collective=9.769 m/s^2 tilt=0.015 rad mode=tracking
[vehicle_state_bridge_node-2] [INFO] [1789643253.144717624] [vehicle_state_bridge_node]: VehicleState timing: published=4346 timestamp_reject=0 clock_switch=14 stale_reject=661 skew_reject=3 age_ms[pos att ang]=[0.1 0.1 0.2] gap_mean_ms[pos att ang]=[23.01 11.51 11.51] gap_max_ms[pos att ang]=[91.23 88.92 88.98] sample_skew_ms=4.000
[mpc_controller_node-3] [WARN] [1789643253.215063838] [mpc_controller_node]: Coupled shadow admission reset: valid=true deadline=false status=0 iter=10 solve=21.204 ms primal=9.32e-17/0.000465 dual=5.24e-05/0.0003 violation=4.34e-20 tilt=0.017 thrust=9.817 samples=250
[mpc_controller_node-3] [INFO] [1789643254.678203001] [mpc_controller_node]: MPC update seq=4423 measured_x0=[p -0.161 0.049 0.985 v 0.005 -0.001 -0.006 a_hat 0.055 -0.005 0.032 a_raw -0.009 0.029 0.032] u=[0.120 -0.043 0.035] ref_age=10.3 ms state_age=8.3 ms solve=4.479 ms mean=3.928 ms max=31.326 ms coupled_valid=true tilt_max=0.013 thrust_max=9.856
[mpc_controller_node-3] [INFO] [1789643254.679821562] [mpc_controller_node]: Force/attitude setpoint seq=4423 a_des=[0.120 -0.043 0.035] specific_force=[0.120 -0.043 9.842] collective=9.842 m/s^2 tilt=0.013 rad mode=tracking
[mpc_controller_node-3] [WARN] [1789643256.201151784] [mpc_controller_node]: Coupled shadow admission reset: valid=true deadline=false status=0 iter=6 solve=19.466 ms primal=4.42e-17/0.000463 dual=0.00021/0.0003 violation=2.13e-19 tilt=0.017 thrust=9.808 samples=147
[mpc_controller_node-3] [INFO] [1789643256.696136999] [mpc_controller_node]: MPC update seq=4523 measured_x0=[p -0.158 0.073 0.972 v -0.003 0.008 0.041 a_hat 0.069 -0.050 -0.044 a_raw 0.002 -0.022 -0.044] u=[0.137 -0.078 -0.055] ref_age=12.7 ms state_age=7.3 ms solve=2.239 ms mean=3.932 ms max=31.326 ms coupled_valid=true tilt_max=0.016 thrust_max=9.806
[mpc_controller_node-3] [INFO] [1789643256.697343663] [mpc_controller_node]: Force/attitude setpoint seq=4523 a_des=[0.137 -0.078 -0.055] specific_force=[0.137 -0.078 9.752] collective=9.753 m/s^2 tilt=0.016 rad mode=tracking
[vehicle_state_bridge_node-2] [INFO] [1789643258.145107014] [vehicle_state_bridge_node]: VehicleState timing: published=4596 timestamp_reject=0 clock_switch=14 stale_reject=661 skew_reject=3 age_ms[pos att ang]=[16.4 16.5 16.5] gap_mean_ms[pos att ang]=[23.17 11.60 11.60] gap_max_ms[pos att ang]=[91.23 88.92 88.98] sample_skew_ms=16.000
[mpc_controller_node-3] [WARN] [1789643258.483384837] [mpc_controller_node]: Coupled shadow admission reset: valid=true deadline=false status=0 iter=10 solve=29.313 ms primal=6.59e-17/0.000444 dual=3.98e-05/0.0003 violation=1.14e-19 tilt=0.015 thrust=9.851 samples=36
[mpc_controller_node-3] [INFO] [1789643258.699800077] [mpc_controller_node]: MPC update seq=4623 measured_x0=[p -0.164 0.045 0.974 v -0.005 0.005 0.004 a_hat 0.071 -0.013 0.020 a_raw 0.012 0.025 0.020] u=[0.147 -0.051 0.029] ref_age=14.4 ms state_age=6.7 ms solve=3.772 ms mean=3.947 ms max=31.326 ms coupled_valid=true tilt_max=0.016 thrust_max=9.847
[mpc_controller_node-3] [INFO] [1789643258.700452059] [mpc_controller_node]: Force/attitude setpoint seq=4623 a_des=[0.147 -0.051 0.029] specific_force=[0.147 -0.051 9.836] collective=9.837 m/s^2 tilt=0.016 rad mode=tracking
[mpc_controller_node-3] [INFO] [1789643260.718024365] [mpc_controller_node]: MPC update seq=4724 measured_x0=[p -0.190 0.053 1.040 v 0.006 0.002 0.053 a_hat 0.064 -0.015 -0.191 a_raw -0.003 0.024 -0.191] u=[0.140 -0.051 -0.177] ref_age=12.9 ms state_age=9.5 ms solve=2.306 ms mean=3.939 ms max=31.326 ms coupled_valid=true tilt_max=0.016 thrust_max=9.828
[mpc_controller_node-3] [INFO] [1789643260.719479451] [mpc_controller_node]: Force/attitude setpoint seq=4724 a_des=[0.140 -0.051 -0.177] specific_force=[0.140 -0.051 9.630] collective=9.631 m/s^2 tilt=0.015 rad mode=tracking
[mpc_controller_node-3] [INFO] [1789643262.730579954] [mpc_controller_node]: MPC update seq=4824 measured_x0=[p -0.173 0.068 0.951 v 0.006 -0.003 0.024 a_hat 0.052 -0.022 0.041 a_raw -0.009 0.007 0.041] u=[0.130 -0.047 0.012] ref_age=11.9 ms state_age=8.5 ms solve=16.605 ms mean=3.926 ms max=31.326 ms coupled_valid=true tilt_max=0.014 thrust_max=9.822
[mpc_controller_node-3] [INFO] [1789643262.731401434] [mpc_controller_node]: Force/attitude setpoint seq=4824 a_des=[0.130 -0.047 0.012] specific_force=[0.130 -0.047 9.819] collective=9.820 m/s^2 tilt=0.014 rad mode=tracking
[vehicle_state_bridge_node-2] [INFO] [1789643263.145134112] [vehicle_state_bridge_node]: VehicleState timing: published=4846 timestamp_reject=0 clock_switch=18 stale_reject=661 skew_reject=3 age_ms[pos att ang]=[15.3 17.1 16.0] gap_mean_ms[pos att ang]=[23.18 11.60 11.60] gap_max_ms[pos att ang]=[91.23 88.92 88.98] sample_skew_ms=8.000
[mpc_controller_node-3] [INFO] [1789643264.741234353] [mpc_controller_node]: MPC update seq=4925 measured_x0=[p -0.183 0.072 0.947 v -0.005 0.006 0.024 a_hat 0.084 -0.032 0.015 a_raw 0.025 0.002 0.015] u=[0.160 -0.075 0.017] ref_age=11.7 ms state_age=3.2 ms solve=6.180 ms mean=3.918 ms max=31.326 ms coupled_valid=true tilt_max=0.018 thrust_max=9.831
[mpc_controller_node-3] [INFO] [1789643264.741481382] [mpc_controller_node]: Force/attitude setpoint seq=4925 a_des=[0.160 -0.075 0.017] specific_force=[0.160 -0.075 9.824] collective=9.825 m/s^2 tilt=0.018 rad mode=tracking
[mpc_controller_node-3] [WARN] [1789643266.079449721] [mpc_controller_node]: Coupled shadow admission reset: valid=true deadline=false status=0 iter=10 solve=19.731 ms primal=6.23e-17/0.000439 dual=3.12e-05/0.0003 violation=1.23e-19 tilt=0.015 thrust=9.806 samples=250
[mpc_controller_node-3] [INFO] [1789643266.756753145] [mpc_controller_node]: MPC update seq=5020 measured_x0=[p -0.167 0.091 0.980 v 0.004 -0.001 0.025 a_hat 0.057 -0.031 -0.023 a_raw -0.011 0.002 -0.023] u=[0.129 -0.073 -0.028] ref_age=10.0 ms state_age=8.6 ms solve=2.799 ms mean=3.930 ms max=33.740 ms coupled_valid=true tilt_max=0.015 thrust_max=9.806
[mpc_controller_node-3] [INFO] [1789643266.757166028] [mpc_controller_node]: Force/attitude setpoint seq=5020 a_des=[0.129 -0.073 -0.028] specific_force=[0.129 -0.073 9.779] collective=9.780 m/s^2 tilt=0.015 rad mode=tracking
[vehicle_state_bridge_node-2] [INFO] [1789643268.164858588] [vehicle_state_bridge_node]: VehicleState timing: published=5097 timestamp_reject=0 clock_switch=18 stale_reject=661 skew_reject=3 age_ms[pos att ang]=[2.6 2.7 4.4] gap_mean_ms[pos att ang]=[23.34 11.68 11.68] gap_max_ms[pos att ang]=[91.23 88.92 88.98] sample_skew_ms=0.000
[mpc_controller_node-3] [INFO] [1789643268.761322228] [mpc_controller_node]: MPC update seq=5120 measured_x0=[p -0.148 0.110 0.993 v -0.005 -0.003 -0.008 a_hat 0.063 -0.045 0.031 a_raw 0.001 -0.008 0.031] u=[0.137 -0.081 0.027] ref_age=12.8 ms state_age=6.9 ms solve=4.138 ms mean=3.928 ms max=33.740 ms coupled_valid=true tilt_max=0.016 thrust_max=9.846
[mpc_controller_node-3] [INFO] [1789643268.761506389] [mpc_controller_node]: Force/attitude setpoint seq=5120 a_des=[0.137 -0.081 0.027] specific_force=[0.137 -0.081 9.834] collective=9.835 m/s^2 tilt=0.016 rad mode=tracking
[mpc_controller_node-3] [WARN] [1789643270.752827764] [mpc_controller_node]: Coupled shadow admission reset: valid=true deadline=false status=0 iter=8 solve=32.057 ms primal=4.66e-17/0.000445 dual=6.17e-05/0.0003 violation=1.45e-19 tilt=0.016 thrust=9.812 samples=206
[mpc_controller_node-3] [INFO] [1789643270.776195188] [mpc_controller_node]: MPC update seq=5220 measured_x0=[p -0.144 0.071 0.970 v -0.008 -0.001 0.017 a_hat 0.065 -0.015 0.005 a_raw 0.001 0.021 0.005] u=[0.140 -0.061 0.003] ref_age=12.3 ms state_age=6.4 ms solve=2.554 ms mean=3.923 ms max=33.740 ms coupled_valid=true tilt_max=0.016 thrust_max=9.811
[mpc_controller_node-3] [INFO] [1789643270.777211823] [mpc_controller_node]: Force/attitude setpoint seq=5220 a_des=[0.140 -0.061 0.003] specific_force=[0.140 -0.061 9.809] collective=9.811 m/s^2 tilt=0.016 rad mode=tracking
[mpc_controller_node-3] [INFO] [1789643272.776525290] [mpc_controller_node]: MPC update seq=5320 measured_x0=[p -0.151 0.076 1.004 v -0.008 0.004 -0.010 a_hat 0.070 -0.041 0.027 a_raw 0.010 -0.009 0.027] u=[0.143 -0.072 0.018] ref_age=11.0 ms state_age=7.3 ms solve=2.568 ms mean=3.905 ms max=33.740 ms coupled_valid=true tilt_max=0.017 thrust_max=9.832
[mpc_controller_node-3] [INFO] [1789643272.778821312] [mpc_controller_node]: Force/attitude setpoint seq=5320 a_des=[0.143 -0.072 0.018] specific_force=[0.143 -0.072 9.824] collective=9.825 m/s^2 tilt=0.016 rad mode=tracking
[vehicle_state_bridge_node-2] [INFO] [1789643273.165915850] [vehicle_state_bridge_node]: VehicleState timing: published=5347 timestamp_reject=0 clock_switch=18 stale_reject=661 skew_reject=3 age_ms[pos att ang]=[7.4 7.4 7.5] gap_mean_ms[pos att ang]=[23.27 11.64 11.64] gap_max_ms[pos att ang]=[91.23 88.92 88.98] sample_skew_ms=4.000
[vehicle_state_bridge_node-2] [WARN] [1789643274.384691767] [vehicle_state_bridge_node]: VehicleState not published: reason=SAMPLE_SKEW pos_age=4.092 ms att_age=1.007 ms ang_age=9.293 ms sample_skew=1789643169928.193 ms
[mpc_controller_node-3] [INFO] [1789643274.778741689] [mpc_controller_node]: MPC update seq=5420 measured_x0=[p -0.165 0.094 0.980 v 0.002 -0.000 0.010 a_hat 0.055 -0.038 -0.006 a_raw -0.009 -0.004 -0.006] u=[0.131 -0.076 0.006] ref_age=11.4 ms state_age=8.5 ms solve=4.892 ms mean=3.888 ms max=33.740 ms coupled_valid=true tilt_max=0.016 thrust_max=9.815
[mpc_controller_node-3] [INFO] [1789643274.779188100] [mpc_controller_node]: Force/attitude setpoint seq=5420 a_des=[0.131 -0.076 0.006] specific_force=[0.131 -0.076 9.812] collective=9.813 m/s^2 tilt=0.015 rad mode=tracking
[mpc_controller_node-3] [WARN] [1789643274.949165924] [mpc_controller_node]: Coupled shadow admission reset: valid=true deadline=false status=0 iter=10 solve=20.906 ms primal=5.89e-17/0.000454 dual=3.27e-05/0.0003 violation=8.6e-20 tilt=0.016 thrust=9.809 samples=208
[mpc_controller_node-3] [INFO] [1789643276.796222386] [mpc_controller_node]: MPC update seq=5520 measured_x0=[p -0.175 0.079 1.004 v 0.004 0.000 -0.001 a_hat 0.068 -0.030 0.011 a_raw 0.001 0.004 0.011] u=[0.131 -0.067 -0.004] ref_age=8.4 ms state_age=7.6 ms solve=2.430 ms mean=3.885 ms max=33.740 ms coupled_valid=true tilt_max=0.015 thrust_max=9.808
[mpc_controller_node-3] [INFO] [1789643276.796469814] [mpc_controller_node]: Force/attitude setpoint seq=5520 a_des=[0.131 -0.067 -0.004] specific_force=[0.131 -0.067 9.802] collective=9.803 m/s^2 tilt=0.015 rad mode=tracking
[vehicle_state_bridge_node-2] [INFO] [1789643278.184649002] [vehicle_state_bridge_node]: VehicleState timing: published=5597 timestamp_reject=0 clock_switch=24 stale_reject=661 skew_reject=4 age_ms[pos att ang]=[8.8 0.6 8.8] gap_mean_ms[pos att ang]=[23.19 11.61 11.60] gap_max_ms[pos att ang]=[91.23 88.92 88.98] sample_skew_ms=0.000
[mpc_controller_node-3] [INFO] [1789643278.796816695] [mpc_controller_node]: MPC update seq=5620 measured_x0=[p -0.165 0.120 1.010 v 0.003 -0.011 -0.002 a_hat 0.059 -0.042 -0.014 a_raw -0.006 -0.009 -0.014] u=[0.129 -0.067 -0.011] ref_age=5.2 ms state_age=27.2 ms solve=2.847 ms mean=3.865 ms max=33.740 ms coupled_valid=true tilt_max=0.015 thrust_max=9.810
[mpc_controller_node-3] [INFO] [1789643278.799054414] [mpc_controller_node]: Force/attitude setpoint seq=5620 a_des=[0.129 -0.067 -0.011] specific_force=[0.129 -0.067 9.796] collective=9.797 m/s^2 tilt=0.015 rad mode=tracking
[mpc_controller_node-3] [INFO] [1789643280.816560719] [mpc_controller_node]: MPC update seq=5721 measured_x0=[p -0.205 0.096 1.027 v -0.001 -0.007 -0.020 a_hat 0.092 -0.026 0.006 a_raw 0.029 0.012 0.006] u=[0.165 -0.062 0.009] ref_age=12.3 ms state_age=7.9 ms solve=2.905 ms mean=3.850 ms max=33.740 ms coupled_valid=true tilt_max=0.018 thrust_max=9.821
[mpc_controller_node-3] [INFO] [1789643280.817341157] [mpc_controller_node]: Force/attitude setpoint seq=5721 a_des=[0.165 -0.062 0.009] specific_force=[0.165 -0.062 9.815] collective=9.817 m/s^2 tilt=0.018 rad mode=tracking
[mpc_controller_node-3] [INFO] [1789643282.817030900] [mpc_controller_node]: MPC update seq=5821 measured_x0=[p -0.202 0.077 1.043 v 0.010 0.009 -0.020 a_hat 0.058 -0.042 -0.017 a_raw -0.008 -0.020 -0.017] u=[0.140 -0.087 -0.015] ref_age=12.4 ms state_age=7.7 ms solve=3.448 ms mean=3.830 ms max=33.740 ms coupled_valid=true tilt_max=0.017 thrust_max=9.821
[mpc_controller_node-3] [INFO] [1789643282.817689237] [mpc_controller_node]: Force/attitude setpoint seq=5821 a_des=[0.140 -0.087 -0.015] specific_force=[0.140 -0.087 9.792] collective=9.793 m/s^2 tilt=0.017 rad mode=tracking
[vehicle_state_bridge_node-2] [INFO] [1789643283.184704085] [vehicle_state_bridge_node]: VehicleState timing: published=5847 timestamp_reject=0 clock_switch=24 stale_reject=661 skew_reject=4 age_ms[pos att ang]=[20.8 8.4 8.4] gap_mean_ms[pos att ang]=[23.11 11.56 11.56] gap_max_ms[pos att ang]=[91.23 88.92 88.98] sample_skew_ms=20.000
[mpc_controller_node-3] [INFO] [1789643284.835993748] [mpc_controller_node]: MPC update seq=5922 measured_x0=[p -0.188 0.080 1.080 v 0.016 -0.000 -0.035 a_hat 0.042 -0.029 -0.027 a_raw -0.029 0.002 -0.027] u=[0.115 -0.066 -0.030] ref_age=11.9 ms state_age=7.4 ms solve=2.296 ms mean=3.803 ms max=33.740 ms coupled_valid=true tilt_max=0.014 thrust_max=9.834
[mpc_controller_node-3] [INFO] [1789643284.837344365] [mpc_controller_node]: Force/attitude setpoint seq=5922 a_des=[0.115 -0.066 -0.030] specific_force=[0.115 -0.066 9.777] collective=9.778 m/s^2 tilt=0.014 rad mode=tracking
[mpc_controller_node-3] [INFO] [1789643286.841763718] [mpc_controller_node]: MPC update seq=6022 measured_x0=[p -0.187 0.091 1.063 v 0.011 0.012 -0.051 a_hat 0.059 -0.057 0.029 a_raw -0.009 -0.028 0.029] u=[0.125 -0.105 0.029] ref_age=12.5 ms state_age=8.8 ms solve=2.060 ms mean=3.784 ms max=33.740 ms coupled_valid=true tilt_max=0.017 thrust_max=9.850
[mpc_controller_node-3] [INFO] [1789643286.845096254] [mpc_controller_node]: Force/attitude setpoint seq=6022 a_des=[0.125 -0.105 0.029] specific_force=[0.125 -0.105 9.836] collective=9.837 m/s^2 tilt=0.017 rad mode=tracking
[mpc_controller_node-3] [WARN] [1789643287.017111818] [mpc_controller_node]: Coupled shadow admission reset: valid=true deadline=false status=0 iter=9 solve=20.209 ms primal=6.59e-17/0.000463 dual=3.08e-05/0.0003 violation=1.57e-19 tilt=0.017 thrust=9.853 samples=250
[vehicle_state_bridge_node-2] [INFO] [1789643288.184751509] [vehicle_state_bridge_node]: VehicleState timing: published=6097 timestamp_reject=0 clock_switch=24 stale_reject=661 skew_reject=4 age_ms[pos att ang]=[4.3 4.2 4.3] gap_mean_ms[pos att ang]=[23.05 11.54 11.54] gap_max_ms[pos att ang]=[91.23 88.92 88.98] sample_skew_ms=4.000
[mpc_controller_node-3] [WARN] [1789643288.404410883] [mpc_controller_node]: MPC failed: solver not converged coupled_status=4 iter=0 primal=inf dual=inf solve=46.223 ms; recovery a=[-0.00 0.01 -0.01]
[mpc_controller_node-3] [INFO] [1789643288.856249746] [mpc_controller_node]: MPC update seq=6122 measured_x0=[p -0.184 0.098 0.990 v -0.001 -0.007 -0.013 a_hat 0.077 -0.029 0.034 a_raw 0.014 -0.003 0.034] u=[0.153 -0.062 0.039] ref_age=12.8 ms state_age=3.4 ms solve=2.344 ms mean=3.810 ms max=46.223 ms coupled_valid=true tilt_max=0.017 thrust_max=9.866
[mpc_controller_node-3] [INFO] [1789643288.856577662] [mpc_controller_node]: Force/attitude setpoint seq=6122 a_des=[0.153 -0.062 0.039] specific_force=[0.153 -0.062 9.845] collective=9.847 m/s^2 tilt=0.017 rad mode=tracking
[mpc_controller_node-3] [INFO] [1789643290.856919188] [mpc_controller_node]: MPC update seq=6222 measured_x0=[p -0.168 0.092 0.775 v 0.001 -0.007 0.091 a_hat 0.054 -0.033 0.103 a_raw -0.016 -0.006 0.103] u=[0.137 -0.055 0.103] ref_age=13.2 ms state_age=8.7 ms solve=2.295 ms mean=3.802 ms max=46.223 ms coupled_valid=true tilt_max=0.015 thrust_max=9.945
[mpc_controller_node-3] [INFO] [1789643290.867514911] [mpc_controller_node]: Force/attitude setpoint seq=6222 a_des=[0.137 -0.055 0.103] specific_force=[0.137 -0.055 9.910] collective=9.911 m/s^2 tilt=0.015 rad mode=tracking
[vehicle_state_bridge_node-2] [WARN] [1789643291.864692823] [vehicle_state_bridge_node]: VehicleState not published: reason=SAMPLE_SKEW pos_age=25.872 ms att_age=16.546 ms ang_age=0.751 ms sample_skew=1789643171631.679 ms
[mpc_controller_node-3] [INFO] [1789643292.879397297] [mpc_controller_node]: MPC update seq=6323 measured_x0=[p -0.166 0.069 0.743 v 0.002 -0.001 0.137 a_hat 0.061 -0.022 0.050 a_raw -0.004 0.009 0.050] u=[0.133 -0.057 0.041] ref_age=10.3 ms state_age=8.7 ms solve=3.008 ms mean=3.797 ms max=46.223 ms coupled_valid=true tilt_max=0.015 thrust_max=9.859
[mpc_controller_node-3] [INFO] [1789643292.879868162] [mpc_controller_node]: Force/attitude setpoint seq=6323 a_des=[0.133 -0.057 0.041] specific_force=[0.133 -0.057 9.848] collective=9.849 m/s^2 tilt=0.015 rad mode=tracking
[vehicle_state_bridge_node-2] [INFO] [1789643293.187106473] [vehicle_state_bridge_node]: VehicleState timing: published=6346 timestamp_reject=0 clock_switch=26 stale_reject=661 skew_reject=5 age_ms[pos att ang]=[8.6 8.6 8.6] gap_mean_ms[pos att ang]=[23.07 11.55 11.54] gap_max_ms[pos att ang]=[91.23 88.92 88.98] sample_skew_ms=12.000
[mpc_controller_node-3] [INFO] [1789643294.896843678] [mpc_controller_node]: MPC update seq=6424 measured_x0=[p -0.178 0.090 0.828 v 0.003 0.006 0.112 a_hat 0.067 -0.048 -0.026 a_raw 0.001 -0.011 -0.026] u=[0.138 -0.086 -0.017] ref_age=5.9 ms state_age=6.0 ms solve=2.938 ms mean=3.793 ms max=46.223 ms coupled_valid=true tilt_max=0.017 thrust_max=9.803
[mpc_controller_node-3] [INFO] [1789643294.898652233] [mpc_controller_node]: Force/attitude setpoint seq=6424 a_des=[0.138 -0.086 -0.017] specific_force=[0.138 -0.086 9.789] collective=9.791 m/s^2 tilt=0.017 rad mode=tracking
[mpc_controller_node-3] [WARN] [1789643295.374333330] [mpc_controller_node]: Coupled shadow admission reset: valid=true deadline=false status=0 iter=10 solve=20.138 ms primal=6.09e-17/0.000469 dual=3.46e-05/0.0003 violation=2.43e-19 tilt=0.018 thrust=9.803 samples=250
[mpc_controller_node-3] [INFO] [1789643296.917136819] [mpc_controller_node]: MPC update seq=6525 measured_x0=[p -0.174 0.085 0.899 v -0.000 -0.014 0.090 a_hat 0.064 -0.006 -0.053 a_raw -0.009 0.026 -0.053] u=[0.144 -0.036 -0.066] ref_age=11.1 ms state_age=7.7 ms solve=3.146 ms mean=3.804 ms max=46.223 ms coupled_valid=true tilt_max=0.016 thrust_max=9.805
[mpc_controller_node-3] [INFO] [1789643296.917727516] [mpc_controller_node]: Force/attitude setpoint seq=6525 a_des=[0.144 -0.036 -0.066] specific_force=[0.144 -0.036 9.741] collective=9.742 m/s^2 tilt=0.015 rad mode=tracking
[vehicle_state_bridge_node-2] [INFO] [1789643298.204651953] [vehicle_state_bridge_node]: VehicleState timing: published=6597 timestamp_reject=0 clock_switch=26 stale_reject=661 skew_reject=5 age_ms[pos att ang]=[3.4 3.5 3.5] gap_mean_ms[pos att ang]=[23.10 11.56 11.56] gap_max_ms[pos att ang]=[91.23 88.92 88.98] sample_skew_ms=0.000
[mpc_controller_node-3] [INFO] [1789643298.938731249] [mpc_controller_node]: MPC update seq=6626 measured_x0=[p -0.162 0.066 0.966 v -0.005 0.002 0.024 a_hat 0.069 -0.029 -0.000 a_raw 0.002 -0.003 -0.000] u=[0.148 -0.060 -0.008] ref_age=11.3 ms state_age=8.5 ms solve=4.375 ms mean=3.798 ms max=46.223 ms coupled_valid=true tilt_max=0.017 thrust_max=9.806
[mpc_controller_node-3] [INFO] [1789643298.939252576] [mpc_controller_node]: Force/attitude setpoint seq=6626 a_des=[0.148 -0.060 -0.008] specific_force=[0.148 -0.060 9.799] collective=9.800 m/s^2 tilt=0.016 rad mode=tracking
[mpc_controller_node-3] [INFO] [1789643300.955742112] [mpc_controller_node]: MPC update seq=6727 measured_x0=[p -0.141 0.051 1.014 v -0.002 0.011 0.002 a_hat 0.044 -0.035 -0.024 a_raw -0.028 -0.002 -0.024] u=[0.124 -0.071 -0.023] ref_age=11.7 ms state_age=8.1 ms solve=1.854 ms mean=3.803 ms max=46.223 ms coupled_valid=true tilt_max=0.015 thrust_max=9.812
[mpc_controller_node-3] [INFO] [1789643300.956032209] [mpc_controller_node]: Force/attitude setpoint seq=6727 a_des=[0.124 -0.071 -0.023] specific_force=[0.124 -0.071 9.783] collective=9.784 m/s^2 tilt=0.015 rad mode=tracking
[mpc_controller_node-3] [INFO] [1789643302.957992218] [mpc_controller_node]: MPC update seq=6827 measured_x0=[p -0.155 0.060 1.050 v -0.000 0.002 -0.028 a_hat 0.067 -0.026 0.000 a_raw -0.000 0.010 0.000] u=[0.127 -0.055 -0.004] ref_age=12.2 ms state_age=7.9 ms solve=4.157 ms mean=3.797 ms max=46.223 ms coupled_valid=true tilt_max=0.014 thrust_max=9.824
[mpc_controller_node-3] [INFO] [1789643302.958351174] [mpc_controller_node]: Force/attitude setpoint seq=6827 a_des=[0.127 -0.055 -0.004] specific_force=[0.127 -0.055 9.803] collective=9.804 m/s^2 tilt=0.014 rad mode=tracking
[vehicle_state_bridge_node-2] [INFO] [1789643303.204816927] [vehicle_state_bridge_node]: VehicleState timing: published=6847 timestamp_reject=0 clock_switch=26 stale_reject=661 skew_reject=5 age_ms[pos att ang]=[4.7 4.7 4.7] gap_mean_ms[pos att ang]=[23.06 11.54 11.54] gap_max_ms[pos att ang]=[91.23 88.92 88.98] sample_skew_ms=4.000
[mpc_controller_node-3] [INFO] [1789643304.977016731] [mpc_controller_node]: MPC update seq=6928 measured_x0=[p -0.144 0.121 1.070 v 0.000 -0.005 -0.014 a_hat 0.050 -0.059 -0.070 a_raw -0.014 -0.023 -0.070] u=[0.120 -0.081 -0.064] ref_age=12.3 ms state_age=7.7 ms solve=3.215 ms mean=3.783 ms max=46.223 ms coupled_valid=true tilt_max=0.015 thrust_max=9.831
[mpc_controller_node-3] [INFO] [1789643304.977434616] [mpc_controller_node]: Force/attitude setpoint seq=6928 a_des=[0.120 -0.081 -0.064] specific_force=[0.120 -0.081 9.742] collective=9.744 m/s^2 tilt=0.015 rad mode=tracking
[vehicle_state_bridge_node-2] [WARN] [1789643306.104726049] [vehicle_state_bridge_node]: VehicleState not published: reason=SAMPLE_SKEW pos_age=5.249 ms att_age=1.779 ms ang_age=5.287 ms sample_skew=1789643173142.480 ms
[mpc_controller_node-3] [INFO] [1789643306.977124832] [mpc_controller_node]: MPC update seq=7028 measured_x0=[p -0.131 0.094 1.069 v -0.009 -0.013 -0.035 a_hat 0.059 -0.018 -0.014 a_raw -0.007 0.013 -0.014] u=[0.132 -0.043 -0.015] ref_age=10.3 ms state_age=3.8 ms solve=3.439 ms mean=3.768 ms max=46.223 ms coupled_valid=true tilt_max=0.014 thrust_max=9.830
[mpc_controller_node-3] [INFO] [1789643306.977486635] [mpc_controller_node]: Force/attitude setpoint seq=7028 a_des=[0.132 -0.043 -0.015] specific_force=[0.132 -0.043 9.792] collective=9.793 m/s^2 tilt=0.014 rad mode=tracking
[vehicle_state_bridge_node-2] [INFO] [1789643308.204858098] [vehicle_state_bridge_node]: VehicleState timing: published=7096 timestamp_reject=0 clock_switch=32 stale_reject=661 skew_reject=6 age_ms[pos att ang]=[8.5 8.5 8.5] gap_mean_ms[pos att ang]=[23.00 11.51 11.51] gap_max_ms[pos att ang]=[91.23 88.92 88.98] sample_skew_ms=4.000
[mpc_controller_node-3] [INFO] [1789643308.980647017] [mpc_controller_node]: MPC update seq=7128 measured_x0=[p -0.151 0.047 1.073 v -0.012 0.002 -0.039 a_hat 0.078 -0.003 -0.009 a_raw 0.011 0.034 -0.009] u=[0.155 -0.049 -0.011] ref_age=12.2 ms state_age=8.3 ms solve=3.119 ms mean=3.766 ms max=46.223 ms coupled_valid=true tilt_max=0.017 thrust_max=9.831
[mpc_controller_node-3] [INFO] [1789643308.983152361] [mpc_controller_node]: Force/attitude setpoint seq=7128 a_des=[0.155 -0.049 -0.011] specific_force=[0.155 -0.049 9.796] collective=9.797 m/s^2 tilt=0.017 rad mode=tracking
[mpc_controller_node-3] [WARN] [1789643310.597210802] [mpc_controller_node]: Coupled shadow admission reset: valid=true deadline=false status=0 iter=5 solve=23.289 ms primal=5.83e-17/0.00044 dual=0.000669/0.0003 violation=2.43e-19 tilt=0.015 thrust=9.831 samples=250
[mpc_controller_node-3] [INFO] [1789643310.996645604] [mpc_controller_node]: MPC update seq=7229 measured_x0=[p -0.144 0.059 1.069 v -0.001 0.004 -0.035 a_hat 0.055 -0.031 -0.022 a_raw -0.007 -0.005 -0.022] u=[0.122 -0.057 -0.015] ref_age=8.1 ms state_age=7.3 ms solve=2.835 ms mean=3.766 ms max=46.223 ms coupled_valid=true tilt_max=0.014 thrust_max=9.830
[mpc_controller_node-3] [INFO] [1789643310.998104617] [mpc_controller_node]: Force/attitude setpoint seq=7229 a_des=[0.122 -0.057 -0.015] specific_force=[0.122 -0.057 9.791] collective=9.792 m/s^2 tilt=0.014 rad mode=tracking
[mpc_controller_node-3] [INFO] [1789643312.997241937] [mpc_controller_node]: MPC update seq=7329 measured_x0=[p -0.153 0.067 1.069 v -0.005 0.007 -0.020 a_hat 0.070 -0.030 -0.025 a_raw 0.003 0.003 -0.025] u=[0.137 -0.072 -0.046] ref_age=12.5 ms state_age=6.2 ms solve=3.580 ms mean=3.770 ms max=46.223 ms coupled_valid=true tilt_max=0.016 thrust_max=9.830
[mpc_controller_node-3] [INFO] [1789643313.023229598] [mpc_controller_node]: Force/attitude setpoint seq=7330 a_des=[0.136 -0.073 -0.050] specific_force=[0.136 -0.073 9.757] collective=9.758 m/s^2 tilt=0.016 rad mode=tracking
[vehicle_state_bridge_node-2] [INFO] [1789643313.225058225] [vehicle_state_bridge_node]: VehicleState timing: published=7347 timestamp_reject=0 clock_switch=32 stale_reject=661 skew_reject=6 age_ms[pos att ang]=[17.0 11.3 7.3] gap_mean_ms[pos att ang]=[23.06 11.54 11.54] gap_max_ms[pos att ang]=[91.23 88.92 88.98] sample_skew_ms=16.000
[mpc_controller_node-3] [INFO] [1789643314.999009448] [mpc_controller_node]: MPC update seq=7429 measured_x0=[p -0.174 0.096 1.041 v 0.004 0.001 -0.031 a_hat 0.067 -0.038 0.011 a_raw 0.001 -0.008 0.011] u=[0.132 -0.082 0.014] ref_age=13.1 ms state_age=5.9 ms solve=4.259 ms mean=3.763 ms max=46.223 ms coupled_valid=true tilt_max=0.016 thrust_max=9.828
[mpc_controller_node-3] [INFO] [1789643315.037522450] [mpc_controller_node]: Force/attitude setpoint seq=7431 a_des=[0.131 -0.082 0.014] specific_force=[0.131 -0.082 9.821] collective=9.822 m/s^2 tilt=0.016 rad mode=tracking
[mpc_controller_node-3] [INFO] [1789643317.002442981] [mpc_controller_node]: MPC update seq=7529 measured_x0=[p -0.179 0.084 1.065 v 0.001 -0.006 -0.016 a_hat 0.069 -0.028 -0.069 a_raw 0.006 -0.002 -0.069] u=[0.142 -0.055 -0.056] ref_age=4.7 ms state_age=4.1 ms solve=4.952 ms mean=3.769 ms max=46.223 ms coupled_valid=true tilt_max=0.016 thrust_max=9.829
[mpc_controller_node-3] [INFO] [1789643317.056640878] [mpc_controller_node]: Force/attitude setpoint seq=7532 a_des=[0.141 -0.051 -0.049] specific_force=[0.141 -0.051 9.757] collective=9.758 m/s^2 tilt=0.015 rad mode=tracking
[vehicle_state_bridge_node-2] [INFO] [1789643318.244692075] [vehicle_state_bridge_node]: VehicleState timing: published=7598 timestamp_reject=0 clock_switch=32 stale_reject=661 skew_reject=6 age_ms[pos att ang]=[8.2 8.2 8.2] gap_mean_ms[pos att ang]=[23.08 11.55 11.55] gap_max_ms[pos att ang]=[91.23 88.92 88.98] sample_skew_ms=12.000
[mpc_controller_node-3] [INFO] [1789643319.016497065] [mpc_controller_node]: MPC update seq=7630 measured_x0=[p -0.204 0.085 1.024 v 0.004 0.001 -0.018 a_hat 0.081 -0.036 0.004 a_raw 0.012 -0.002 0.004] u=[0.155 -0.070 0.009] ref_age=12.6 ms state_age=5.1 ms solve=2.687 ms mean=3.763 ms max=46.223 ms coupled_valid=true tilt_max=0.018 thrust_max=9.821
[mpc_controller_node-3] [INFO] [1789643319.063667784] [mpc_controller_node]: Force/attitude setpoint seq=7632 a_des=[0.156 -0.071 0.008] specific_force=[0.156 -0.071 9.815] collective=9.816 m/s^2 tilt=0.017 rad mode=tracking
[mpc_controller_node-3] [INFO] [1789643321.019679397] [mpc_controller_node]: MPC update seq=7730 measured_x0=[p -0.217 0.114 1.034 v 0.016 -0.003 -0.005 a_hat 0.065 -0.052 -0.022 a_raw -0.003 -0.020 -0.022] u=[0.136 -0.081 -0.031] ref_age=5.8 ms state_age=5.9 ms solve=6.000 ms mean=3.761 ms max=46.223 ms coupled_valid=true tilt_max=0.016 thrust_max=9.819
[mpc_controller_node-3] [INFO] [1789643321.077688563] [mpc_controller_node]: Force/attitude setpoint seq=7733 a_des=[0.136 -0.077 -0.050] specific_force=[0.136 -0.077 9.757] collective=9.758 m/s^2 tilt=0.016 rad mode=tracking
[vehicle_state_bridge_node-2] [WARN] [1789643322.224870606] [vehicle_state_bridge_node]: VehicleState not published: reason=SAMPLE_SKEW pos_age=9.116 ms att_age=6.200 ms ang_age=9.215 ms sample_skew=2130.135 ms
[mpc_controller_node-3] [INFO] [1789643323.036146328] [mpc_controller_node]: MPC update seq=7831 measured_x0=[p -0.164 0.091 1.029 v 0.012 -0.008 -0.023 a_hat 0.043 -0.016 0.012 a_raw -0.030 0.012 0.012] u=[0.105 -0.056 0.013] ref_age=12.1 ms state_age=8.3 ms solve=2.247 ms mean=3.745 ms max=46.223 ms coupled_valid=true tilt_max=0.012 thrust_max=9.826
[mpc_controller_node-3] [INFO] [1789643323.101515393] [mpc_controller_node]: Force/attitude setpoint seq=7834 a_des=[0.106 -0.058 0.012] specific_force=[0.106 -0.058 9.819] collective=9.819 m/s^2 tilt=0.012 rad mode=tracking
[vehicle_state_bridge_node-2] [INFO] [1789643323.244719745] [vehicle_state_bridge_node]: VehicleState timing: published=7847 timestamp_reject=0 clock_switch=32 stale_reject=661 skew_reject=7 age_ms[pos att ang]=[14.5 2.9 0.6] gap_mean_ms[pos att ang]=[23.04 11.53 11.53] gap_max_ms[pos att ang]=[91.23 88.92 88.98] sample_skew_ms=20.434
[mpc_controller_node-3] [INFO] [1789643325.037497346] [mpc_controller_node]: MPC update seq=7931 measured_x0=[p -0.171 0.104 1.063 v -0.003 -0.007 -0.031 a_hat 0.075 -0.027 -0.029 a_raw 0.009 0.005 -0.029] u=[0.145 -0.067 -0.017] ref_age=12.1 ms state_age=7.0 ms solve=3.841 ms mean=3.742 ms max=46.223 ms coupled_valid=true tilt_max=0.017 thrust_max=9.828
[mpc_controller_node-3] [INFO] [1789643325.116190506] [mpc_controller_node]: Force/attitude setpoint seq=7935 a_des=[0.144 -0.068 -0.011] specific_force=[0.144 -0.068 9.796] collective=9.797 m/s^2 tilt=0.016 rad mode=tracking
[mpc_controller_node-3] [INFO] [1789643327.038675733] [mpc_controller_node]: MPC update seq=8031 measured_x0=[p -0.162 0.153 1.029 v -0.004 -0.008 -0.022 a_hat 0.071 -0.067 0.012 a_raw 0.007 -0.036 0.012] u=[0.142 -0.099 0.011] ref_age=12.0 ms state_age=4.6 ms solve=4.832 ms mean=3.737 ms max=46.223 ms coupled_valid=true tilt_max=0.018 thrust_max=9.823
[mpc_controller_node-3] [INFO] [1789643327.116213335] [mpc_controller_node]: Force/attitude setpoint seq=8035 a_des=[0.142 -0.096 0.011] specific_force=[0.142 -0.096 9.818] collective=9.820 m/s^2 tilt=0.018 rad mode=tracking
[vehicle_state_bridge_node-2] [INFO] [1789643328.245247377] [vehicle_state_bridge_node]: VehicleState timing: published=8097 timestamp_reject=0 clock_switch=32 stale_reject=661 skew_reject=7 age_ms[pos att ang]=[8.6 6.5 6.5] gap_mean_ms[pos att ang]=[23.00 11.51 11.51] gap_max_ms[pos att ang]=[91.23 88.92 88.98] sample_skew_ms=24.000
[mpc_controller_node-3] [WARN] [1789643328.614284881] [mpc_controller_node]: Coupled shadow admission reset: valid=true deadline=false status=0 iter=10 solve=20.215 ms primal=4.66e-17/0.000429 dual=2.86e-05/0.0003 violation=1.74e-19 tilt=0.014 thrust=9.819 samples=250
[mpc_controller_node-3] [INFO] [1789643329.055570610] [mpc_controller_node]: MPC update seq=8132 measured_x0=[p -0.139 0.107 1.048 v -0.009 -0.016 -0.017 a_hat 0.060 -0.022 -0.022 a_raw 0.003 0.015 -0.022] u=[0.140 -0.049 -0.026] ref_age=11.8 ms state_age=7.3 ms solve=1.969 ms mean=3.733 ms max=46.223 ms coupled_valid=true tilt_max=0.015 thrust_max=9.823
[mpc_controller_node-3] [INFO] [1789643329.119391026] [mpc_controller_node]: Force/attitude setpoint seq=8135 a_des=[0.140 -0.046 -0.028] specific_force=[0.140 -0.046 9.779] collective=9.780 m/s^2 tilt=0.015 rad mode=tracking
[mpc_controller_node-3] [INFO] [1789643331.056852705] [mpc_controller_node]: MPC update seq=8232 measured_x0=[p -0.134 0.086 1.083 v -0.002 -0.003 -0.045 a_hat 0.039 -0.021 -0.011 a_raw -0.034 0.019 -0.011] u=[0.120 -0.067 -0.012] ref_age=11.9 ms state_age=7.9 ms solve=3.113 ms mean=3.721 ms max=46.223 ms coupled_valid=true tilt_max=0.014 thrust_max=9.835
[mpc_controller_node-3] [INFO] [1789643331.136695388] [mpc_controller_node]: Force/attitude setpoint seq=8236 a_des=[0.126 -0.069 -0.011] specific_force=[0.126 -0.069 9.796] collective=9.797 m/s^2 tilt=0.015 rad mode=tracking
[mpc_controller_node-3] [INFO] [1789643333.075949388] [mpc_controller_node]: MPC update seq=8333 measured_x0=[p -0.159 0.115 1.087 v -0.003 -0.002 -0.045 a_hat 0.073 -0.044 -0.015 a_raw 0.006 -0.008 -0.015] u=[0.137 -0.088 -0.017] ref_age=12.4 ms state_age=6.8 ms solve=2.366 ms mean=3.714 ms max=46.223 ms coupled_valid=true tilt_max=0.017 thrust_max=9.836
[mpc_controller_node-3] [INFO] [1789643333.156288124] [mpc_controller_node]: Force/attitude setpoint seq=8337 a_des=[0.135 -0.088 -0.018] specific_force=[0.135 -0.088 9.788] collective=9.790 m/s^2 tilt=0.016 rad mode=tracking
[vehicle_state_bridge_node-2] [INFO] [1789643333.264992815] [vehicle_state_bridge_node]: VehicleState timing: published=8348 timestamp_reject=0 clock_switch=32 stale_reject=661 skew_reject=7 age_ms[pos att ang]=[15.2 8.0 8.0] gap_mean_ms[pos att ang]=[22.93 11.47 11.47] gap_max_ms[pos att ang]=[91.23 88.92 88.98] sample_skew_ms=12.000
[mpc_controller_node-3] [INFO] [1789643335.085333360] [mpc_controller_node]: MPC update seq=8433 measured_x0=[p -0.150 0.091 1.091 v -0.009 -0.013 -0.049 a_hat 0.066 -0.019 -0.017 a_raw 0.004 0.018 -0.017] u=[0.148 -0.042 -0.012] ref_age=12.3 ms state_age=7.7 ms solve=11.677 ms mean=3.703 ms max=46.223 ms coupled_valid=true tilt_max=0.016 thrust_max=9.837
[mpc_controller_node-3] [INFO] [1789643335.159930812] [mpc_controller_node]: Force/attitude setpoint seq=8437 a_des=[0.151 -0.040 -0.011] specific_force=[0.151 -0.040 9.796] collective=9.797 m/s^2 tilt=0.016 rad mode=tracking
[vehicle_state_bridge_node-2] [WARN] [1789643336.884774551] [vehicle_state_bridge_node]: VehicleState not published: reason=SAMPLE_SKEW pos_age=2.124 ms att_age=7.725 ms ang_age=7.759 ms sample_skew=1789643176384.744 ms
[mpc_controller_node-3] [INFO] [1789643337.100169098] [mpc_controller_node]: MPC update seq=8534 measured_x0=[p -0.182 0.062 1.134 v -0.003 0.012 0.016 a_hat 0.085 -0.040 -0.244 a_raw 0.021 -0.010 -0.244] u=[0.156 -0.083 -0.226] ref_age=12.5 ms state_age=6.8 ms solve=6.078 ms mean=3.695 ms max=46.223 ms coupled_valid=true tilt_max=0.019 thrust_max=9.859
[mpc_controller_node-3] [INFO] [1789643337.176954984] [mpc_controller_node]: Force/attitude setpoint seq=8538 a_des=[0.150 -0.084 -0.203] specific_force=[0.150 -0.084 9.604] collective=9.605 m/s^2 tilt=0.018 rad mode=tracking
[vehicle_state_bridge_node-2] [INFO] [1789643338.286227508] [vehicle_state_bridge_node]: VehicleState timing: published=8598 timestamp_reject=0 clock_switch=36 stale_reject=661 skew_reject=8 age_ms[pos att ang]=[18.4 12.2 12.3] gap_mean_ms[pos att ang]=[22.86 11.44 11.44] gap_max_ms[pos att ang]=[91.23 88.92 88.98] sample_skew_ms=8.182
[mpc_controller_node-3] [INFO] [1789643339.116390187] [mpc_controller_node]: MPC update seq=8635 measured_x0=[p -0.159 0.124 0.969 v 0.002 -0.003 -0.008 a_hat 0.057 -0.055 0.067 a_raw -0.006 -0.024 0.067] u=[0.126 -0.091 0.062] ref_age=10.4 ms state_age=8.1 ms solve=2.478 ms mean=3.688 ms max=46.223 ms coupled_valid=true tilt_max=0.016 thrust_max=9.892
[mpc_controller_node-3] [INFO] [1789643339.196923773] [mpc_controller_node]: Force/attitude setpoint seq=8639 a_des=[0.127 -0.089 0.060] specific_force=[0.127 -0.089 9.867] collective=9.868 m/s^2 tilt=0.016 rad mode=tracking
[mpc_controller_node-3] [INFO] [1789643341.129193849] [mpc_controller_node]: MPC update seq=8735 measured_x0=[p -0.127 0.094 0.994 v -0.004 -0.004 0.014 a_hat 0.049 -0.022 -0.018 a_raw -0.019 0.013 -0.018] u=[0.117 -0.072 -0.022] ref_age=9.0 ms state_age=4.8 ms solve=15.584 ms mean=3.681 ms max=46.223 ms coupled_valid=true tilt_max=0.014 thrust_max=9.807
[mpc_controller_node-3] [INFO] [1789643341.230011677] [mpc_controller_node]: Force/attitude setpoint seq=8740 a_des=[0.120 -0.072 -0.023] specific_force=[0.120 -0.072 9.783] collective=9.784 m/s^2 tilt=0.014 rad mode=tracking
[mpc_controller_node-3] [WARN] [1789643342.611880433] [mpc_controller_node]: Coupled shadow admission reset: valid=true deadline=false status=0 iter=10 solve=18.272 ms primal=5.89e-17/0.000507 dual=0.000102/0.0003 violation=1.27e-19 tilt=0.019 thrust=9.826 samples=250
[mpc_controller_node-3] [INFO] [1789643343.137030308] [mpc_controller_node]: MPC update seq=8836 measured_x0=[p -0.153 0.089 1.027 v -0.006 -0.001 -0.020 a_hat 0.076 -0.039 0.002 a_raw 0.010 -0.012 0.002] u=[0.137 -0.068 0.007] ref_age=10.8 ms state_age=7.2 ms solve=2.967 ms mean=3.686 ms max=46.223 ms coupled_valid=true tilt_max=0.016 thrust_max=9.820
[mpc_controller_node-3] [INFO] [1789643343.236046457] [mpc_controller_node]: Force/attitude setpoint seq=8841 a_des=[0.132 -0.071 0.022] specific_force=[0.132 -0.071 9.829] collective=9.830 m/s^2 tilt=0.015 rad mode=tracking
[vehicle_state_bridge_node-2] [INFO] [1789643343.304883608] [vehicle_state_bridge_node]: VehicleState timing: published=8849 timestamp_reject=0 clock_switch=36 stale_reject=661 skew_reject=8 age_ms[pos att ang]=[2.2 2.2 2.3] gap_mean_ms[pos att ang]=[22.84 11.43 11.43] gap_max_ms[pos att ang]=[91.23 88.92 88.98] sample_skew_ms=8.000
[mpc_controller_node-3] [INFO] [1789643345.137284997] [mpc_controller_node]: MPC update seq=8936 measured_x0=[p -0.160 0.083 0.936 v -0.007 0.005 0.028 a_hat 0.074 -0.045 0.034 a_raw 0.007 -0.016 0.034] u=[0.149 -0.080 0.024] ref_age=10.1 ms state_age=4.5 ms solve=3.288 ms mean=3.677 ms max=46.223 ms coupled_valid=true tilt_max=0.017 thrust_max=9.840
[mpc_controller_node-3] [INFO] [1789643345.237566695] [mpc_controller_node]: Force/attitude setpoint seq=8941 a_des=[0.146 -0.077 0.021] specific_force=[0.146 -0.077 9.827] collective=9.829 m/s^2 tilt=0.017 rad mode=tracking
[mpc_controller_node-3] [INFO] [1789643347.137525949] [mpc_controller_node]: MPC update seq=9036 measured_x0=[p -0.154 0.079 0.982 v -0.006 0.004 0.009 a_hat 0.071 -0.035 0.005 a_raw 0.005 -0.004 0.005] u=[0.142 -0.076 0.004] ref_age=10.3 ms state_age=7.9 ms solve=3.728 ms mean=3.670 ms max=46.223 ms coupled_valid=true tilt_max=0.017 thrust_max=9.813
[mpc_controller_node-3] [INFO] [1789643347.256615531] [mpc_controller_node]: Force/attitude setpoint seq=9042 a_des=[0.138 -0.075 0.007] specific_force=[0.138 -0.075 9.814] collective=9.815 m/s^2 tilt=0.016 rad mode=tracking
[vehicle_state_bridge_node-2] [INFO] [1789643348.324841627] [vehicle_state_bridge_node]: VehicleState timing: published=9100 timestamp_reject=0 clock_switch=36 stale_reject=661 skew_reject=8 age_ms[pos att ang]=[33.2 29.6 4.9] gap_mean_ms[pos att ang]=[22.80 11.41 11.41] gap_max_ms[pos att ang]=[91.23 88.92 88.98] sample_skew_ms=36.000
[mpc_controller_node-3] [WARN] [1789643348.579807268] [mpc_controller_node]: Coupled shadow admission reset: valid=true deadline=false status=0 iter=10 solve=22.774 ms primal=4.17e-17/0.000443 dual=3.09e-05/0.0003 violation=7.32e-20 tilt=0.015 thrust=9.807 samples=250
[mpc_controller_node-3] [INFO] [1789643349.138360231] [mpc_controller_node]: MPC update seq=9136 measured_x0=[p -0.151 0.083 1.016 v -0.006 0.007 0.045 a_hat 0.065 -0.043 -0.132 a_raw 0.006 -0.011 -0.132] u=[0.141 -0.085 -0.126] ref_age=10.5 ms state_age=7.8 ms solve=3.248 ms mean=3.665 ms max=46.223 ms coupled_valid=true tilt_max=0.017 thrust_max=9.818
[mpc_controller_node-3] [INFO] [1789643349.258740824] [mpc_controller_node]: Force/attitude setpoint seq=9142 a_des=[0.142 -0.084 -0.110] specific_force=[0.142 -0.084 9.697] collective=9.698 m/s^2 tilt=0.017 rad mode=tracking
[mpc_controller_node-3] [INFO] [1789643351.157375207] [mpc_controller_node]: MPC update seq=9237 measured_x0=[p -0.173 0.091 0.965 v -0.004 -0.008 0.013 a_hat 0.083 -0.031 0.028 a_raw 0.016 -0.002 0.028] u=[0.150 -0.053 0.019] ref_age=12.5 ms state_age=6.5 ms solve=3.649 ms mean=3.661 ms max=46.223 ms coupled_valid=true tilt_max=0.016 thrust_max=9.832
[mpc_controller_node-3] [INFO] [1789643351.276255263] [mpc_controller_node]: Force/attitude setpoint seq=9243 a_des=[0.149 -0.049 0.011] specific_force=[0.149 -0.049 9.817] collective=9.819 m/s^2 tilt=0.016 rad mode=tracking
[mpc_controller_node-3] [INFO] [1789643353.165933951] [mpc_controller_node]: MPC update seq=9337 measured_x0=[p -0.138 0.070 1.012 v -0.006 0.001 0.014 a_hat 0.056 -0.034 -0.032 a_raw -0.008 -0.006 -0.032] u=[0.132 -0.058 -0.049] ref_age=10.6 ms state_age=7.8 ms solve=12.178 ms mean=3.657 ms max=46.223 ms coupled_valid=true tilt_max=0.015 thrust_max=9.813
[mpc_controller_node-3] [INFO] [1789643353.277606599] [mpc_controller_node]: Force/attitude setpoint seq=9343 a_des=[0.135 -0.057 -0.069] specific_force=[0.135 -0.057 9.738] collective=9.739 m/s^2 tilt=0.015 rad mode=tracking
[vehicle_state_bridge_node-2] [INFO] [1789643353.325724534] [vehicle_state_bridge_node]: VehicleState timing: published=9350 timestamp_reject=0 clock_switch=36 stale_reject=661 skew_reject=8 age_ms[pos att ang]=[17.0 4.1 6.1] gap_mean_ms[pos att ang]=[22.79 11.40 11.40] gap_max_ms[pos att ang]=[91.23 88.92 88.98] sample_skew_ms=21.951
[mpc_controller_node-3] [INFO] [1789643355.176819973] [mpc_controller_node]: MPC update seq=9438 measured_x0=[p -0.145 0.085 1.027 v -0.003 -0.000 -0.014 a_hat 0.054 -0.038 0.007 a_raw -0.016 -0.006 0.007] u=[0.130 -0.067 -0.006] ref_age=11.5 ms state_age=8.3 ms solve=2.665 ms mean=3.654 ms max=46.223 ms coupled_valid=true tilt_max=0.015 thrust_max=9.816
[mpc_controller_node-3] [INFO] [1789643355.296166469] [mpc_controller_node]: Force/attitude setpoint seq=9444 a_des=[0.135 -0.062 -0.005] specific_force=[0.135 -0.062 9.801] collective=9.802 m/s^2 tilt=0.015 rad mode=tracking
[mpc_controller_node-3] [INFO] [1789643357.178283943] [mpc_controller_node]: MPC update seq=9538 measured_x0=[p -0.175 0.108 1.047 v 0.004 0.002 -0.024 a_hat 0.072 -0.062 -0.015 a_raw 0.003 -0.035 -0.015] u=[0.132 -0.087 -0.011] ref_age=12.1 ms state_age=8.0 ms solve=2.580 ms mean=3.647 ms max=46.223 ms coupled_valid=true tilt_max=0.016 thrust_max=9.823
[mpc_controller_node-3] [INFO] [1789643357.296568635] [mpc_controller_node]: Force/attitude setpoint seq=9544 a_des=[0.124 -0.081 -0.007] specific_force=[0.124 -0.081 9.800] collective=9.801 m/s^2 tilt=0.015 rad mode=tracking
[vehicle_state_bridge_node-2] [INFO] [1789643358.345275135] [vehicle_state_bridge_node]: VehicleState timing: published=9601 timestamp_reject=0 clock_switch=36 stale_reject=661 skew_reject=8 age_ms[pos att ang]=[14.4 9.9 9.9] gap_mean_ms[pos att ang]=[22.75 11.38 11.38] gap_max_ms[pos att ang]=[91.23 88.92 88.98] sample_skew_ms=8.000
[mpc_controller_node-3] [INFO] [1789643359.198096747] [mpc_controller_node]: MPC update seq=9639 measured_x0=[p -0.150 0.063 1.079 v -0.000 -0.007 -0.040 a_hat 0.056 -0.003 -0.016 a_raw -0.008 0.028 -0.016] u=[0.125 -0.039 -0.019] ref_age=10.2 ms state_age=7.8 ms solve=4.342 ms mean=3.641 ms max=46.223 ms coupled_valid=true tilt_max=0.014 thrust_max=9.833
[mpc_controller_node-3] [INFO] [1789643359.296814433] [mpc_controller_node]: Force/attitude setpoint seq=9644 a_des=[0.126 -0.038 -0.012] specific_force=[0.126 -0.038 9.795] collective=9.796 m/s^2 tilt=0.013 rad mode=tracking
[mpc_controller_node-3] [INFO] [1789643361.220189750] [mpc_controller_node]: MPC update seq=9740 measured_x0=[p -0.188 0.078 1.048 v 0.000 0.003 -0.021 a_hat 0.087 -0.033 -0.018 a_raw 0.017 0.005 -0.018] u=[0.148 -0.071 -0.019] ref_age=10.4 ms state_age=8.4 ms solve=5.434 ms mean=3.632 ms max=46.223 ms coupled_valid=true tilt_max=0.017 thrust_max=9.823
[mpc_controller_node-3] [INFO] [1789643361.297684862] [mpc_controller_node]: Force/attitude setpoint seq=9744 a_des=[0.145 -0.072 -0.019] specific_force=[0.145 -0.072 9.788] collective=9.789 m/s^2 tilt=0.017 rad mode=tracking
[mpc_controller_node-3] [INFO] [1789643363.239221252] [mpc_controller_node]: MPC update seq=9841 measured_x0=[p -0.158 0.099 1.047 v 0.007 0.008 -0.020 a_hat 0.046 -0.060 -0.027 a_raw -0.018 -0.028 -0.027] u=[0.113 -0.099 -0.018] ref_age=6.2 ms state_age=5.5 ms solve=5.418 ms mean=3.631 ms max=46.223 ms coupled_valid=true tilt_max=0.016 thrust_max=9.823
[mpc_controller_node-3] [INFO] [1789643363.317155892] [mpc_controller_node]: Force/attitude setpoint seq=9845 a_des=[0.113 -0.096 -0.020] specific_force=[0.113 -0.096 9.786] collective=9.788 m/s^2 tilt=0.015 rad mode=tracking
[vehicle_state_bridge_node-2] [INFO] [1789643363.345478940] [vehicle_state_bridge_node]: VehicleState timing: published=9851 timestamp_reject=0 clock_switch=36 stale_reject=661 skew_reject=8 age_ms[pos att ang]=[23.1 6.3 6.3] gap_mean_ms[pos att ang]=[22.73 11.37 11.37] gap_max_ms[pos att ang]=[91.23 88.92 88.98] sample_skew_ms=28.000
[mpc_controller_node-3] [INFO] [1789643365.255933362] [mpc_controller_node]: MPC update seq=9942 measured_x0=[p -0.158 0.095 1.052 v -0.008 -0.010 -0.039 a_hat 0.076 -0.025 0.015 a_raw 0.011 0.009 0.015] u=[0.150 -0.051 0.017] ref_age=13.0 ms state_age=7.1 ms solve=1.861 ms mean=3.622 ms max=46.223 ms coupled_valid=true tilt_max=0.016 thrust_max=9.832
[mpc_controller_node-3] [INFO] [1789643365.317460413] [mpc_controller_node]: Force/attitude setpoint seq=9945 a_des=[0.149 -0.051 0.016] specific_force=[0.149 -0.051 9.823] collective=9.824 m/s^2 tilt=0.016 rad mode=tracking
[mpc_controller_node-3] [INFO] [1789643367.257329978] [mpc_controller_node]: MPC update seq=10042 measured_x0=[p -0.180 0.053 0.981 v 0.003 0.007 -0.001 a_hat 0.071 -0.014 0.031 a_raw 0.003 0.018 0.031] u=[0.139 -0.067 0.028] ref_age=12.6 ms state_age=8.6 ms solve=3.030 ms mean=3.615 ms max=46.223 ms coupled_valid=true tilt_max=0.016 thrust_max=9.846
[mpc_controller_node-3] [INFO] [1789643367.336551718] [mpc_controller_node]: Force/attitude setpoint seq=10046 a_des=[0.140 -0.068 0.023] specific_force=[0.140 -0.068 9.830] collective=9.831 m/s^2 tilt=0.016 rad mode=tracking
[mpc_controller_node-3] [WARN] [1789643367.855106551] [mpc_controller_node]: Coupled shadow admission reset: valid=true deadline=false status=0 iter=10 solve=19.582 ms primal=6.99e-17/0.00044 dual=3.1e-05/0.0003 violation=1.19e-19 tilt=0.015 thrust=9.806 samples=250
[vehicle_state_bridge_node-2] [INFO] [1789643368.365453358] [vehicle_state_bridge_node]: VehicleState timing: published=10102 timestamp_reject=0 clock_switch=36 stale_reject=661 skew_reject=8 age_ms[pos att ang]=[23.2 9.9 10.0] gap_mean_ms[pos att ang]=[22.68 11.35 11.35] gap_max_ms[pos att ang]=[91.23 88.92 88.98] sample_skew_ms=20.000
[mpc_controller_node-3] [INFO] [1789643369.277248817] [mpc_controller_node]: MPC update seq=10143 measured_x0=[p -0.186 0.060 1.038 v -0.002 0.002 -0.007 a_hat 0.084 -0.027 -0.034 a_raw 0.023 0.005 -0.034] u=[0.153 -0.054 -0.037] ref_age=13.2 ms state_age=8.4 ms solve=3.022 ms mean=3.613 ms max=46.223 ms coupled_valid=true tilt_max=0.017 thrust_max=9.820
[mpc_controller_node-3] [INFO] [1789643369.338446383] [mpc_controller_node]: Force/attitude setpoint seq=10146 a_des=[0.152 -0.053 -0.036] specific_force=[0.152 -0.053 9.770] collective=9.771 m/s^2 tilt=0.016 rad mode=tracking
[mpc_controller_node-3] [WARN] [1789643370.035833078] [mpc_controller_node]: Coupled shadow admission reset: valid=true deadline=false status=0 iter=10 solve=21.158 ms primal=5.89e-17/0.000462 dual=3.91e-05/0.0003 violation=2.16e-19 tilt=0.017 thrust=9.824 samples=108
[mpc_controller_node-3] [INFO] [1789643371.296000107] [mpc_controller_node]: MPC update seq=10241 measured_x0=[p -0.193 0.048 1.063 v 0.009 0.008 -0.025 a_hat 0.065 -0.019 -0.024 a_raw -0.002 0.017 -0.024] u=[0.134 -0.061 -0.029] ref_age=11.6 ms state_age=6.7 ms solve=2.376 ms mean=3.625 ms max=46.223 ms coupled_valid=true tilt_max=0.015 thrust_max=9.828
[mpc_controller_node-3] [INFO] [1789643371.362582839] [mpc_controller_node]: Force/attitude setpoint seq=10244 a_des=[0.132 -0.063 -0.029] specific_force=[0.132 -0.063 9.778] collective=9.779 m/s^2 tilt=0.015 rad mode=tracking
[mpc_controller_node-3] [INFO] [1789643373.299617043] [mpc_controller_node]: MPC update seq=10341 measured_x0=[p -0.168 0.074 1.106 v 0.007 0.002 0.009 a_hat 0.046 -0.035 -0.145 a_raw -0.019 0.003 -0.145] u=[0.121 -0.066 -0.165] ref_age=13.2 ms state_age=11.9 ms solve=1.937 ms mean=3.641 ms max=46.223 ms coupled_valid=true tilt_max=0.015 thrust_max=9.848
[vehicle_state_bridge_node-2] [INFO] [1789643373.385137659] [vehicle_state_bridge_node]: VehicleState timing: published=10353 timestamp_reject=0 clock_switch=36 stale_reject=661 skew_reject=8 age_ms[pos att ang]=[4.8 21.8 21.8] gap_mean_ms[pos att ang]=[22.82 11.42 11.42] gap_max_ms[pos att ang]=[91.23 88.92 88.98] sample_skew_ms=8.000
[mpc_controller_node-3] [INFO] [1789643373.385679646] [mpc_controller_node]: Force/attitude setpoint seq=10345 a_des=[0.125 -0.066 -0.168] specific_force=[0.125 -0.066 9.639] collective=9.640 m/s^2 tilt=0.015 rad mode=tracking
[mpc_controller_node-3] [WARN] [1789643373.536098343] [mpc_controller_node]: Coupled shadow admission reset: valid=true deadline=false status=0 iter=7 solve=21.824 ms primal=9.32e-17/0.000532 dual=0.000554/0.0003 violation=1.6e-19 tilt=0.016 thrust=9.849 samples=81
[mpc_controller_node-3] [INFO] [1789643375.316274856] [mpc_controller_node]: MPC update seq=10442 measured_x0=[p -0.163 0.100 1.081 v 0.003 -0.001 0.020 a_hat 0.053 -0.043 -0.173 a_raw -0.015 -0.007 -0.173] u=[0.130 -0.078 -0.159] ref_age=12.4 ms state_age=7.7 ms solve=2.307 ms mean=3.648 ms max=46.223 ms coupled_valid=true tilt_max=0.016 thrust_max=9.840
[mpc_controller_node-3] [INFO] [1789643375.397240670] [mpc_controller_node]: Force/attitude setpoint seq=10446 a_des=[0.127 -0.076 -0.142] specific_force=[0.127 -0.076 9.665] collective=9.666 m/s^2 tilt=0.015 rad mode=tracking
[mpc_controller_node-3] [WARN] [1789643375.857145440] [mpc_controller_node]: Coupled shadow admission reset: valid=true deadline=false status=0 iter=10 solve=22.728 ms primal=4.91e-17/0.000421 dual=4.57e-05/0.0003 violation=1.07e-19 tilt=0.013 thrust=9.828 samples=114
[mpc_controller_node-3] [INFO] [1789643377.316670207] [mpc_controller_node]: MPC update seq=10542 measured_x0=[p -0.162 0.101 0.941 v -0.006 0.006 0.003 a_hat 0.071 -0.054 0.080 a_raw 0.001 -0.021 0.080] u=[0.147 -0.095 0.076] ref_age=1.1 ms state_age=1.3 ms solve=2.454 ms mean=3.647 ms max=46.223 ms coupled_valid=true tilt_max=0.018 thrust_max=9.910
[mpc_controller_node-3] [INFO] [1789643377.397310247] [mpc_controller_node]: Force/attitude setpoint seq=10546 a_des=[0.149 -0.096 0.074] specific_force=[0.149 -0.096 9.881] collective=9.882 m/s^2 tilt=0.018 rad mode=tracking
[vehicle_state_bridge_node-2] [INFO] [1789643378.404796379] [vehicle_state_bridge_node]: VehicleState timing: published=10604 timestamp_reject=0 clock_switch=36 stale_reject=661 skew_reject=8 age_ms[pos att ang]=[15.3 10.5 10.5] gap_mean_ms[pos att ang]=[22.87 11.45 11.45] gap_max_ms[pos att ang]=[91.23 88.92 88.98] sample_skew_ms=8.000
[mpc_controller_node-3] [INFO] [1789643379.338160507] [mpc_controller_node]: MPC update seq=10642 measured_x0=[p -0.194 0.104 0.924 v -0.006 -0.009 0.043 a_hat 0.089 -0.014 0.009 a_raw 0.023 0.019 0.009] u=[0.171 -0.068 0.007] ref_age=12.1 ms state_age=7.4 ms solve=4.071 ms mean=3.643 ms max=46.223 ms coupled_valid=true tilt_max=0.019 thrust_max=9.816
[mpc_controller_node-3] [INFO] [1789643379.417321829] [mpc_controller_node]: Force/attitude setpoint seq=10646 a_des=[0.172 -0.072 0.008] specific_force=[0.172 -0.072 9.815] collective=9.817 m/s^2 tilt=0.019 rad mode=tracking
[mpc_controller_node-3] [WARN] [1789643380.335156049] [mpc_controller_node]: Coupled shadow admission reset: valid=true deadline=false status=0 iter=6 solve=21.365 ms primal=7.85e-17/0.000449 dual=0.000217/0.0003 violation=1.43e-19 tilt=0.016 thrust=9.812 samples=222
[mpc_controller_node-3] [INFO] [1789643381.356971762] [mpc_controller_node]: MPC update seq=10743 measured_x0=[p -0.198 0.114 0.966 v 0.013 -0.001 0.032 a_hat 0.073 -0.044 -0.026 a_raw 0.013 -0.016 -0.026] u=[0.123 -0.092 -0.025] ref_age=12.1 ms state_age=7.4 ms solve=2.983 ms mean=3.637 ms max=46.223 ms coupled_valid=true tilt_max=0.016 thrust_max=9.806
[mpc_controller_node-3] [INFO] [1789643381.437864637] [mpc_controller_node]: Force/attitude setpoint seq=10747 a_des=[0.119 -0.091 -0.026] specific_force=[0.119 -0.091 9.781] collective=9.782 m/s^2 tilt=0.015 rad mode=tracking
[mpc_controller_node-3] [INFO] [1789643383.376771468] [mpc_controller_node]: MPC update seq=10844 measured_x0=[p -0.140 0.106 1.004 v -0.004 -0.009 0.004 a_hat 0.055 -0.027 -0.022 a_raw -0.007 0.006 -0.022] u=[0.127 -0.065 -0.015] ref_age=10.4 ms state_age=8.2 ms solve=2.504 ms mean=3.630 ms max=46.223 ms coupled_valid=true tilt_max=0.015 thrust_max=9.809
[vehicle_state_bridge_node-2] [INFO] [1789643383.424771503] [vehicle_state_bridge_node]: VehicleState timing: published=10855 timestamp_reject=0 clock_switch=36 stale_reject=661 skew_reject=8 age_ms[pos att ang]=[6.6 3.0 3.1] gap_mean_ms[pos att ang]=[22.82 11.42 11.42] gap_max_ms[pos att ang]=[91.23 88.92 88.98] sample_skew_ms=4.000
[mpc_controller_node-3] [INFO] [1789643383.455477517] [mpc_controller_node]: Force/attitude setpoint seq=10848 a_des=[0.131 -0.066 -0.012] specific_force=[0.131 -0.066 9.795] collective=9.796 m/s^2 tilt=0.015 rad mode=tracking
[vehicle_state_bridge_node-2] [WARN] [1789643384.604743464] [vehicle_state_bridge_node]: VehicleState not published: reason=SAMPLE_SKEW pos_age=19.831 ms att_age=2.369 ms ang_age=3.054 ms sample_skew=2056.093 ms
[mpc_controller_node-3] [INFO] [1789643385.395930159] [mpc_controller_node]: MPC update seq=10945 measured_x0=[p -0.163 0.060 1.066 v 0.000 -0.004 -0.021 a_hat 0.067 -0.009 -0.050 a_raw -0.005 0.024 -0.050] u=[0.132 -0.041 -0.042] ref_age=9.3 ms state_age=6.9 ms solve=2.250 ms mean=3.623 ms max=46.223 ms coupled_valid=true tilt_max=0.014 thrust_max=9.829
[mpc_controller_node-3] [INFO] [1789643385.457490891] [mpc_controller_node]: Force/attitude setpoint seq=10948 a_des=[0.132 -0.043 -0.041] specific_force=[0.132 -0.043 9.766] collective=9.767 m/s^2 tilt=0.014 rad mode=tracking
[mpc_controller_node-3] [WARN] [1789643385.851162846] [mpc_controller_node]: Coupled shadow admission reset: valid=true deadline=false status=0 iter=10 solve=24.999 ms primal=5.89e-17/0.00044 dual=5.1e-05/0.0003 violation=1.54e-19 tilt=0.015 thrust=9.832 samples=250
[mpc_controller_node-3] [INFO] [1789643387.397951777] [mpc_controller_node]: MPC update seq=11044 measured_x0=[p -0.160 0.083 1.109 v -0.003 -0.004 -0.054 a_hat 0.068 -0.032 -0.031 a_raw 0.002 0.008 -0.031] u=[0.139 -0.056 -0.028] ref_age=10.8 ms state_age=6.8 ms solve=4.143 ms mean=3.623 ms max=46.223 ms coupled_valid=true tilt_max=0.016 thrust_max=9.844
[mpc_controller_node-3] [INFO] [1789643387.458072167] [mpc_controller_node]: Force/attitude setpoint seq=11047 a_des=[0.140 -0.055 -0.027] specific_force=[0.140 -0.055 9.780] collective=9.781 m/s^2 tilt=0.015 rad mode=tracking
[vehicle_state_bridge_node-2] [INFO] [1789643388.445842392] [vehicle_state_bridge_node]: VehicleState timing: published=11105 timestamp_reject=0 clock_switch=36 stale_reject=661 skew_reject=9 age_ms[pos att ang]=[13.6 4.7 4.7] gap_mean_ms[pos att ang]=[22.80 11.41 11.41] gap_max_ms[pos att ang]=[91.23 88.92 88.98] sample_skew_ms=12.000
[mpc_controller_node-3] [WARN] [1789643388.874713250] [mpc_controller_node]: Coupled shadow admission reset: valid=true deadline=false status=0 iter=10 solve=20.019 ms primal=6.25e-17/0.000477 dual=3.98e-05/0.0003 violation=1.74e-19 tilt=0.019 thrust=9.843 samples=150
[mpc_controller_node-3] [INFO] [1789643389.416991779] [mpc_controller_node]: MPC update seq=11145 measured_x0=[p -0.187 0.070 1.104 v 0.009 0.008 -0.058 a_hat 0.079 -0.041 -0.018 a_raw 0.019 -0.011 -0.018] u=[0.126 -0.076 -0.010] ref_age=11.4 ms state_age=7.3 ms solve=3.185 ms mean=3.623 ms max=46.223 ms coupled_valid=true tilt_max=0.015 thrust_max=9.842
[mpc_controller_node-3] [INFO] [1789643389.477563680] [mpc_controller_node]: Force/attitude setpoint seq=11148 a_des=[0.121 -0.076 -0.010] specific_force=[0.121 -0.076 9.796] collective=9.797 m/s^2 tilt=0.015 rad mode=tracking
[mpc_controller_node-3] [INFO] [1789643391.417145330] [mpc_controller_node]: MPC update seq=11245 measured_x0=[p -0.154 0.073 1.093 v -0.004 -0.006 -0.052 a_hat 0.058 -0.016 -0.000 a_raw -0.008 0.011 -0.000] u=[0.138 -0.045 -0.010] ref_age=12.8 ms state_age=8.3 ms solve=3.351 ms mean=3.620 ms max=46.223 ms coupled_valid=true tilt_max=0.015 thrust_max=9.838
[mpc_controller_node-3] [INFO] [1789643391.496844921] [mpc_controller_node]: Force/attitude setpoint seq=11249 a_des=[0.143 -0.047 -0.011] specific_force=[0.143 -0.047 9.796] collective=9.797 m/s^2 tilt=0.015 rad mode=tracking
[mpc_controller_node-3] [WARN] [1789643392.878103418] [mpc_controller_node]: Coupled shadow admission reset: valid=true deadline=false status=0 iter=10 solve=21.589 ms primal=6.27e-17/0.000442 dual=4.84e-05/0.0003 violation=1e-19 tilt=0.016 thrust=9.843 samples=199
[mpc_controller_node-3] [INFO] [1789643393.428093197] [mpc_controller_node]: MPC update seq=11343 measured_x0=[p -0.169 0.057 1.108 v 0.008 0.006 -0.053 a_hat 0.050 -0.025 -0.017 a_raw -0.009 0.003 -0.017] u=[0.119 -0.064 -0.029] ref_age=8.9 ms state_age=4.4 ms solve=13.138 ms mean=3.626 ms max=49.375 ms coupled_valid=true tilt_max=0.014 thrust_max=9.843
[vehicle_state_bridge_node-2] [INFO] [1789643393.465495190] [vehicle_state_bridge_node]: VehicleState timing: published=11356 timestamp_reject=0 clock_switch=36 stale_reject=661 skew_reject=9 age_ms[pos att ang]=[46.0 9.1 9.1] gap_mean_ms[pos att ang]=[22.81 11.41 11.41] gap_max_ms[pos att ang]=[91.23 88.92 88.98] sample_skew_ms=28.000
[mpc_controller_node-3] [INFO] [1789643393.515886550] [mpc_controller_node]: Force/attitude setpoint seq=11348 a_des=[0.120 -0.065 -0.028] specific_force=[0.120 -0.065 9.779] collective=9.780 m/s^2 tilt=0.014 rad mode=tracking
[mpc_controller_node-3] [WARN] [1789643395.333236726] [mpc_controller_node]: Coupled shadow admission reset: valid=true deadline=false status=0 iter=10 solve=19.610 ms primal=5.89e-17/0.000457 dual=6.41e-05/0.0003 violation=1.13e-19 tilt=0.016 thrust=9.847 samples=96
[mpc_controller_node-3] [INFO] [1789643395.437138839] [mpc_controller_node]: MPC update seq=11444 measured_x0=[p -0.179 0.067 1.112 v 0.004 0.006 -0.057 a_hat 0.072 -0.035 -0.052 a_raw 0.008 -0.002 -0.052] u=[0.135 -0.070 -0.028] ref_age=11.8 ms state_age=9.3 ms solve=2.182 ms mean=3.630 ms max=49.375 ms coupled_valid=true tilt_max=0.016 thrust_max=9.845
[mpc_controller_node-3] [INFO] [1789643395.517450271] [mpc_controller_node]: Force/attitude setpoint seq=11448 a_des=[0.133 -0.072 -0.011] specific_force=[0.133 -0.072 9.796] collective=9.797 m/s^2 tilt=0.015 rad mode=tracking
[mpc_controller_node-3] [INFO] [1789643397.438214719] [mpc_controller_node]: MPC update seq=11544 measured_x0=[p -0.177 0.039 1.006 v 0.002 0.002 -0.017 a_hat 0.070 -0.006 0.038 a_raw 0.007 0.023 0.038] u=[0.138 -0.041 0.032] ref_age=9.3 ms state_age=6.4 ms solve=4.358 ms mean=3.628 ms max=49.375 ms coupled_valid=true tilt_max=0.015 thrust_max=9.851
[mpc_controller_node-3] [INFO] [1789643397.524188152] [mpc_controller_node]: Force/attitude setpoint seq=11548 a_des=[0.137 -0.045 0.029] specific_force=[0.137 -0.045 9.835] collective=9.836 m/s^2 tilt=0.015 rad mode=tracking
[vehicle_state_bridge_node-2] [INFO] [1789643398.485139414] [vehicle_state_bridge_node]: VehicleState timing: published=11607 timestamp_reject=0 clock_switch=36 stale_reject=661 skew_reject=9 age_ms[pos att ang]=[12.2 0.5 2.4] gap_mean_ms[pos att ang]=[22.87 11.44 11.44] gap_max_ms[pos att ang]=[91.23 88.92 88.98] sample_skew_ms=12.000
[mpc_controller_node-3] [INFO] [1789643399.458409483] [mpc_controller_node]: MPC update seq=11645 measured_x0=[p -0.205 0.069 1.008 v 0.006 0.006 -0.002 a_hat 0.079 -0.028 -0.007 a_raw 0.016 0.004 -0.007] u=[0.150 -0.073 -0.008] ref_age=11.1 ms state_age=8.3 ms solve=4.639 ms mean=3.625 ms max=49.375 ms coupled_valid=true tilt_max=0.017 thrust_max=9.810
[mpc_controller_node-3] [INFO] [1789643399.537237924] [mpc_controller_node]: Force/attitude setpoint seq=11649 a_des=[0.149 -0.079 -0.007] specific_force=[0.149 -0.079 9.800] collective=9.801 m/s^2 tilt=0.017 rad mode=tracking
[mpc_controller_node-3] [WARN] [1789643400.156940359] [mpc_controller_node]: Coupled shadow admission reset: valid=true deadline=false status=0 iter=10 solve=20.043 ms primal=5.55e-17/0.000472 dual=3.75e-05/0.0003 violation=1.35e-19 tilt=0.018 thrust=9.808 samples=240
[vehicle_state_bridge_node-2] [WARN] [1789643401.244858322] [vehicle_state_bridge_node]: VehicleState not published: reason=SAMPLE_SKEW pos_age=22.832 ms att_age=12.624 ms ang_age=12.639 ms sample_skew=2515.256 ms
[mpc_controller_node-3] [INFO] [1789643401.460891838] [mpc_controller_node]: MPC update seq=11744 measured_x0=[p -0.206 0.075 1.008 v 0.013 -0.001 0.004 a_hat 0.070 -0.019 -0.015 a_raw 0.014 0.019 -0.015] u=[0.132 -0.061 -0.020] ref_age=9.9 ms state_age=7.1 ms solve=6.170 ms mean=3.637 ms max=49.375 ms coupled_valid=true tilt_max=0.015 thrust_max=9.810
[mpc_controller_node-3] [INFO] [1789643401.540905533] [mpc_controller_node]: Force/attitude setpoint seq=11748 a_des=[0.128 -0.065 -0.042] specific_force=[0.128 -0.065 9.765] collective=9.766 m/s^2 tilt=0.015 rad mode=tracking
[mpc_controller_node-3] [INFO] [1789643403.476266421] [mpc_controller_node]: MPC update seq=11844 measured_x0=[p -0.170 0.080 1.030 v 0.005 0.001 -0.012 a_hat 0.051 -0.037 -0.020 a_raw -0.009 0.002 -0.020] u=[0.131 -0.068 -0.013] ref_age=8.5 ms state_age=0.8 ms solve=2.593 ms mean=3.645 ms max=49.375 ms coupled_valid=true tilt_max=0.015 thrust_max=9.817
[vehicle_state_bridge_node-2] [INFO] [1789643403.485447113] [vehicle_state_bridge_node]: VehicleState timing: published=11856 timestamp_reject=0 clock_switch=36 stale_reject=661 skew_reject=10 age_ms[pos att ang]=[11.5 11.5 11.5] gap_mean_ms[pos att ang]=[22.96 11.49 11.49] gap_max_ms[pos att ang]=[114.56 95.43 101.52] sample_skew_ms=4.000
[mpc_controller_node-3] [INFO] [1789643403.542820880] [mpc_controller_node]: Force/attitude setpoint seq=11847 a_des=[0.132 -0.066 -0.013] specific_force=[0.132 -0.066 9.794] collective=9.795 m/s^2 tilt=0.015 rad mode=tracking
[mpc_controller_node-3] [INFO] [1789643405.502362466] [mpc_controller_node]: MPC update seq=11945 measured_x0=[p -0.150 0.090 1.030 v -0.002 0.005 -0.013 a_hat 0.054 -0.050 -0.009 a_raw -0.014 -0.017 -0.009] u=[0.131 -0.083 -0.013] ref_age=12.3 ms state_age=8.6 ms solve=8.446 ms mean=3.645 ms max=49.375 ms coupled_valid=true tilt_max=0.016 thrust_max=9.817
[mpc_controller_node-3] [INFO] [1789643405.560225408] [mpc_controller_node]: Force/attitude setpoint seq=11948 a_des=[0.134 -0.081 -0.015] specific_force=[0.134 -0.081 9.792] collective=9.793 m/s^2 tilt=0.016 rad mode=tracking
[mpc_controller_node-3] [INFO] [1789643407.515244712] [mpc_controller_node]: MPC update seq=12046 measured_x0=[p -0.134 0.074 1.058 v -0.002 -0.005 -0.028 a_hat 0.051 -0.020 -0.019 a_raw -0.013 0.009 -0.019] u=[0.117 -0.050 -0.016] ref_age=12.3 ms state_age=7.8 ms solve=1.722 ms mean=3.639 ms max=49.375 ms coupled_valid=true tilt_max=0.013 thrust_max=9.826
[mpc_controller_node-3] [INFO] [1789643407.576426948] [mpc_controller_node]: Force/attitude setpoint seq=12049 a_des=[0.119 -0.050 -0.014] specific_force=[0.119 -0.050 9.793] collective=9.794 m/s^2 tilt=0.013 rad mode=tracking
[vehicle_state_bridge_node-2] [INFO] [1789643408.504772188] [vehicle_state_bridge_node]: VehicleState timing: published=12107 timestamp_reject=0 clock_switch=36 stale_reject=661 skew_reject=10 age_ms[pos att ang]=[6.2 6.2 6.2] gap_mean_ms[pos att ang]=[22.96 11.49 11.49] gap_max_ms[pos att ang]=[114.56 95.43 101.52] sample_skew_ms=16.000
[mpc_controller_node-3] [INFO] [1789643409.516065562] [mpc_controller_node]: MPC update seq=12146 measured_x0=[p -0.165 0.068 1.100 v -0.002 0.004 0.028 a_hat 0.065 -0.023 -0.188 a_raw -0.002 0.013 -0.188] u=[0.141 -0.068 -0.201] ref_age=11.8 ms state_age=5.8 ms solve=2.389 ms mean=3.634 ms max=49.375 ms coupled_valid=true tilt_max=0.017 thrust_max=9.848
[mpc_controller_node-3] [INFO] [1789643409.595361343] [mpc_controller_node]: Force/attitude setpoint seq=12150 a_des=[0.141 -0.075 -0.199] specific_force=[0.141 -0.075 9.608] collective=9.609 m/s^2 tilt=0.017 rad mode=tracking
[mpc_controller_node-3] [INFO] [1789643411.536816053] [mpc_controller_node]: MPC update seq=12247 measured_x0=[p -0.168 0.051 1.011 v 0.004 0.009 -0.023 a_hat 0.063 -0.026 0.043 a_raw -0.009 0.009 0.043] u=[0.125 -0.068 0.038] ref_age=12.5 ms state_age=7.4 ms solve=3.035 ms mean=3.624 ms max=49.375 ms coupled_valid=true tilt_max=0.015 thrust_max=9.860
[mpc_controller_node-3] [INFO] [1789643411.601584886] [mpc_controller_node]: Force/attitude setpoint seq=12250 a_des=[0.124 -0.069 0.038] specific_force=[0.124 -0.069 9.845] collective=9.846 m/s^2 tilt=0.014 rad mode=tracking
[vehicle_state_bridge_node-2] [INFO] [1789643413.524922769] [vehicle_state_bridge_node]: VehicleState timing: published=12358 timestamp_reject=0 clock_switch=36 stale_reject=661 skew_reject=10 age_ms[pos att ang]=[13.5 3.8 3.9] gap_mean_ms[pos att ang]=[22.90 11.46 11.46] gap_max_ms[pos att ang]=[114.56 95.43 101.52] sample_skew_ms=16.000
[mpc_controller_node-3] [INFO] [1789643413.556105943] [mpc_controller_node]: MPC update seq=12348 measured_x0=[p -0.155 0.069 0.990 v 0.000 -0.000 0.010 a_hat 0.057 -0.028 -0.007 a_raw -0.012 0.005 -0.007] u=[0.128 -0.056 -0.009] ref_age=12.6 ms state_age=7.9 ms solve=2.375 ms mean=3.617 ms max=49.375 ms coupled_valid=true tilt_max=0.015 thrust_max=9.806
[mpc_controller_node-3] [INFO] [1789643413.616063986] [mpc_controller_node]: Force/attitude setpoint seq=12351 a_des=[0.131 -0.055 -0.008] specific_force=[0.131 -0.055 9.798] collective=9.800 m/s^2 tilt=0.015 rad mode=tracking
[mpc_controller_node-3] [INFO] [1789643415.557347388] [mpc_controller_node]: MPC update seq=12448 measured_x0=[p -0.179 0.081 1.012 v 0.004 -0.004 -0.001 a_hat 0.071 -0.028 -0.033 a_raw -0.004 0.005 -0.033] u=[0.135 -0.055 -0.012] ref_age=11.9 ms state_age=7.7 ms solve=3.448 ms mean=3.613 ms max=49.375 ms coupled_valid=true tilt_max=0.015 thrust_max=9.811
[mpc_controller_node-3] [INFO] [1789643415.621846421] [mpc_controller_node]: Force/attitude setpoint seq=12451 a_des=[0.133 -0.054 -0.013] specific_force=[0.133 -0.054 9.794] collective=9.795 m/s^2 tilt=0.015 rad mode=tracking
[mpc_controller_node-3] [INFO] [1789643417.576942701] [mpc_controller_node]: MPC update seq=12549 measured_x0=[p -0.184 0.090 1.043 v 0.008 0.006 -0.015 a_hat 0.066 -0.046 -0.017 a_raw 0.001 -0.015 -0.017] u=[0.128 -0.089 -0.025] ref_age=10.8 ms state_age=7.3 ms solve=3.250 ms mean=3.608 ms max=49.375 ms coupled_valid=true tilt_max=0.016 thrust_max=9.821
[mpc_controller_node-3] [INFO] [1789643417.636675880] [mpc_controller_node]: Force/attitude setpoint seq=12552 a_des=[0.128 -0.089 -0.027] specific_force=[0.128 -0.089 9.780] collective=9.781 m/s^2 tilt=0.016 rad mode=tracking
[vehicle_state_bridge_node-2] [INFO] [1789643418.545430840] [vehicle_state_bridge_node]: VehicleState timing: published=12609 timestamp_reject=0 clock_switch=36 stale_reject=661 skew_reject=10 age_ms[pos att ang]=[18.9 8.2 8.3] gap_mean_ms[pos att ang]=[22.87 11.44 11.44] gap_max_ms[pos att ang]=[114.56 95.43 101.52] sample_skew_ms=12.000
[mpc_controller_node-3] [INFO] [1789643419.577053300] [mpc_controller_node]: MPC update seq=12649 measured_x0=[p -0.184 0.089 1.082 v -0.000 -0.004 -0.039 a_hat 0.077 -0.032 -0.024 a_raw 0.019 -0.005 -0.024] u=[0.150 -0.062 -0.024] ref_age=8.9 ms state_age=8.4 ms solve=2.747 ms mean=3.601 ms max=49.375 ms coupled_valid=true tilt_max=0.017 thrust_max=9.835
[mpc_controller_node-3] [INFO] [1789643419.656490336] [mpc_controller_node]: Force/attitude setpoint seq=12653 a_des=[0.149 -0.057 -0.023] specific_force=[0.149 -0.057 9.784] collective=9.785 m/s^2 tilt=0.016 rad mode=tracking
[mpc_controller_node-3] [INFO] [1789643421.595916520] [mpc_controller_node]: MPC update seq=12750 measured_x0=[p -0.160 0.092 1.084 v 0.010 0.003 -0.049 a_hat 0.041 -0.033 0.001 a_raw -0.026 0.003 0.001] u=[0.108 -0.084 -0.005] ref_age=11.7 ms state_age=6.3 ms solve=2.253 ms mean=3.594 ms max=49.375 ms coupled_valid=true tilt_max=0.014 thrust_max=9.835
[mpc_controller_node-3] [INFO] [1789643421.676325118] [mpc_controller_node]: Force/attitude setpoint seq=12754 a_des=[0.111 -0.087 -0.007] specific_force=[0.111 -0.087 9.800] collective=9.801 m/s^2 tilt=0.014 rad mode=tracking
[mpc_controller_node-3] [WARN] [1789643423.494249191] [mpc_controller_node]: Coupled shadow admission reset: valid=true deadline=false status=0 iter=10 solve=19.942 ms primal=5.89e-17/0.000427 dual=2.99e-05/0.0003 violation=1.47e-19 tilt=0.014 thrust=9.836 samples=250
[vehicle_state_bridge_node-2] [INFO] [1789643423.548602789] [vehicle_state_bridge_node]: VehicleState timing: published=12859 timestamp_reject=0 clock_switch=36 stale_reject=661 skew_reject=10 age_ms[pos att ang]=[5.1 5.2 5.2] gap_mean_ms[pos att ang]=[22.82 11.42 11.42] gap_max_ms[pos att ang]=[114.56 95.43 101.52] sample_skew_ms=4.000
[mpc_controller_node-3] [INFO] [1789643423.606564534] [mpc_controller_node]: MPC update seq=12850 measured_x0=[p -0.147 0.085 1.088 v -0.001 -0.009 -0.046 a_hat 0.054 -0.016 -0.023 a_raw -0.010 0.016 -0.023] u=[0.125 -0.050 -0.016] ref_age=8.6 ms state_age=6.5 ms solve=12.867 ms mean=3.593 ms max=49.375 ms coupled_valid=true tilt_max=0.014 thrust_max=9.836
[mpc_controller_node-3] [INFO] [1789643423.680601075] [mpc_controller_node]: Force/attitude setpoint seq=12854 a_des=[0.125 -0.050 -0.016] specific_force=[0.125 -0.050 9.791] collective=9.792 m/s^2 tilt=0.014 rad mode=tracking
[mpc_controller_node-3] [INFO] [1789643425.620774415] [mpc_controller_node]: MPC update seq=12951 measured_x0=[p -0.168 0.087 1.072 v -0.005 0.008 -0.022 a_hat 0.081 -0.047 -0.035 a_raw 0.011 -0.011 -0.035] u=[0.147 -0.092 -0.049] ref_age=10.3 ms state_age=8.4 ms solve=6.658 ms mean=3.606 ms max=49.375 ms coupled_valid=true tilt_max=0.018 thrust_max=9.832
[mpc_controller_node-3] [INFO] [1789643425.688545266] [mpc_controller_node]: Force/attitude setpoint seq=12954 a_des=[0.146 -0.093 -0.055] specific_force=[0.146 -0.093 9.752] collective=9.754 m/s^2 tilt=0.018 rad mode=tracking
[mpc_controller_node-3] [INFO] [1789643427.639049778] [mpc_controller_node]: MPC update seq=13052 measured_x0=[p -0.184 0.090 1.117 v -0.006 0.005 -0.035 a_hat 0.085 -0.037 -0.093 a_raw 0.028 0.001 -0.093] u=[0.166 -0.087 -0.084] ref_age=12.4 ms state_age=8.4 ms solve=3.197 ms mean=3.608 ms max=49.375 ms coupled_valid=true tilt_max=0.020 thrust_max=9.847
[mpc_controller_node-3] [INFO] [1789643427.697243577] [mpc_controller_node]: Force/attitude setpoint seq=13055 a_des=[0.166 -0.089 -0.075] specific_force=[0.166 -0.089 9.732] collective=9.734 m/s^2 tilt=0.019 rad mode=tracking
[vehicle_state_bridge_node-2] [INFO] [1789643428.564739500] [vehicle_state_bridge_node]: VehicleState timing: published=13110 timestamp_reject=0 clock_switch=36 stale_reject=661 skew_reject=10 age_ms[pos att ang]=[5.0 5.0 5.0] gap_mean_ms[pos att ang]=[22.90 11.46 11.46] gap_max_ms[pos att ang]=[114.56 95.43 101.52] sample_skew_ms=16.000
[mpc_controller_node-3] [INFO] [1789643429.656279920] [mpc_controller_node]: MPC update seq=13153 measured_x0=[p -0.163 0.114 1.018 v -0.002 -0.006 0.004 a_hat 0.060 -0.039 -0.007 a_raw -0.007 -0.000 -0.007] u=[0.141 -0.078 -0.031] ref_age=12.1 ms state_age=8.5 ms solve=2.421 ms mean=3.602 ms max=49.375 ms coupled_valid=true tilt_max=0.017 thrust_max=9.814
[mpc_controller_node-3] [INFO] [1789643429.718819737] [mpc_controller_node]: Force/attitude setpoint seq=13156 a_des=[0.141 -0.078 -0.041] specific_force=[0.141 -0.078 9.766] collective=9.767 m/s^2 tilt=0.017 rad mode=tracking
[mpc_controller_node-3] [INFO] [1789643431.656962602] [mpc_controller_node]: MPC update seq=13253 measured_x0=[p -0.161 0.083 0.973 v -0.005 -0.005 0.007 a_hat 0.074 -0.018 0.023 a_raw 0.013 0.009 0.023] u=[0.145 -0.058 0.021] ref_age=12.8 ms state_age=9.5 ms solve=2.156 ms mean=3.594 ms max=49.375 ms coupled_valid=true tilt_max=0.016 thrust_max=9.836
[mpc_controller_node-3] [INFO] [1789643431.736433982] [mpc_controller_node]: Force/attitude setpoint seq=13257 a_des=[0.140 -0.061 0.018] specific_force=[0.140 -0.061 9.825] collective=9.826 m/s^2 tilt=0.016 rad mode=tracking
[mpc_controller_node-3] [WARN] [1789643432.254635184] [mpc_controller_node]: Coupled shadow admission reset: valid=true deadline=false status=0 iter=10 solve=20.376 ms primal=4.66e-17/0.000458 dual=3.54e-05/0.0003 violation=1.59e-19 tilt=0.017 thrust=9.818 samples=250
[vehicle_state_bridge_node-2] [WARN] [1789643433.264799392] [vehicle_state_bridge_node]: VehicleState not published: reason=SAMPLE_SKEW pos_age=4.990 ms att_age=5.014 ms ang_age=6.323 ms sample_skew=1789643186423.038 ms
[vehicle_state_bridge_node-2] [INFO] [1789643433.565223049] [vehicle_state_bridge_node]: VehicleState timing: published=13359 timestamp_reject=0 clock_switch=40 stale_reject=661 skew_reject=11 age_ms[pos att ang]=[6.6 6.8 6.8] gap_mean_ms[pos att ang]=[22.86 11.44 11.44] gap_max_ms[pos att ang]=[114.56 95.43 101.52] sample_skew_ms=0.087
[mpc_controller_node-3] [INFO] [1789643433.675865962] [mpc_controller_node]: MPC update seq=13354 measured_x0=[p -0.171 0.067 1.010 v -0.002 0.003 -0.002 a_hat 0.066 -0.028 -0.029 a_raw -0.002 0.003 -0.029] u=[0.148 -0.063 -0.009] ref_age=10.7 ms state_age=7.6 ms solve=2.212 ms mean=3.589 ms max=49.375 ms coupled_valid=true tilt_max=0.017 thrust_max=9.810
[mpc_controller_node-3] [INFO] [1789643433.756812796] [mpc_controller_node]: Force/attitude setpoint seq=13358 a_des=[0.148 -0.063 -0.001] specific_force=[0.148 -0.063 9.806] collective=9.807 m/s^2 tilt=0.016 rad mode=tracking
[mpc_controller_node-3] [INFO] [1789643435.676667670] [mpc_controller_node]: MPC update seq=13454 measured_x0=[p -0.166 0.089 0.988 v -0.002 0.009 0.004 a_hat 0.059 -0.058 0.005 a_raw -0.013 -0.025 0.005] u=[0.145 -0.092 0.007] ref_age=11.3 ms state_age=7.0 ms solve=3.053 ms mean=3.582 ms max=49.375 ms coupled_valid=true tilt_max=0.018 thrust_max=9.818
[mpc_controller_node-3] [INFO] [1789643435.778330151] [mpc_controller_node]: Force/attitude setpoint seq=13459 a_des=[0.147 -0.090 0.010] specific_force=[0.147 -0.090 9.816] collective=9.818 m/s^2 tilt=0.018 rad mode=tracking
[mpc_controller_node-3] [INFO] [1789643437.679701458] [mpc_controller_node]: MPC update seq=13554 measured_x0=[p -0.152 0.091 0.995 v 0.005 0.000 0.007 a_hat 0.045 -0.042 -0.014 a_raw -0.021 -0.014 -0.014] u=[0.114 -0.074 -0.009] ref_age=11.2 ms state_age=5.9 ms solve=5.355 ms mean=3.579 ms max=49.375 ms coupled_valid=true tilt_max=0.014 thrust_max=9.807
[mpc_controller_node-3] [INFO] [1789643437.798320124] [mpc_controller_node]: Force/attitude setpoint seq=13560 a_des=[0.115 -0.072 -0.007] specific_force=[0.115 -0.072 9.800] collective=9.801 m/s^2 tilt=0.014 rad mode=tracking
[vehicle_state_bridge_node-2] [INFO] [1789643438.584748898] [vehicle_state_bridge_node]: VehicleState timing: published=13610 timestamp_reject=0 clock_switch=40 stale_reject=661 skew_reject=11 age_ms[pos att ang]=[10.8 10.8 10.9] gap_mean_ms[pos att ang]=[22.84 11.43 11.43] gap_max_ms[pos att ang]=[114.56 95.43 101.52] sample_skew_ms=4.000
[mpc_controller_node-3] [INFO] [1789643439.698489497] [mpc_controller_node]: MPC update seq=13655 measured_x0=[p -0.140 0.092 1.016 v -0.010 -0.003 -0.002 a_hat 0.059 -0.038 -0.019 a_raw -0.010 -0.010 -0.019] u=[0.142 -0.069 -0.017] ref_age=12.0 ms state_age=10.0 ms solve=2.507 ms mean=3.574 ms max=49.375 ms coupled_valid=true tilt_max=0.016 thrust_max=9.813
[mpc_controller_node-3] [INFO] [1789643439.818297659] [mpc_controller_node]: Force/attitude setpoint seq=13661 a_des=[0.150 -0.059 -0.024] specific_force=[0.150 -0.059 9.782] collective=9.784 m/s^2 tilt=0.017 rad mode=tracking
[mpc_controller_node-3] [INFO] [1789643441.716683636] [mpc_controller_node]: MPC update seq=13756 measured_x0=[p -0.163 0.085 1.048 v -0.001 0.011 -0.035 a_hat 0.068 -0.050 0.003 a_raw 0.005 -0.021 0.003] u=[0.136 -0.095 0.013] ref_age=8.5 ms state_age=4.5 ms solve=2.705 ms mean=3.574 ms max=49.375 ms coupled_valid=true tilt_max=0.017 thrust_max=9.829
[mpc_controller_node-3] [INFO] [1789643441.820072142] [mpc_controller_node]: Force/attitude setpoint seq=13761 a_des=[0.135 -0.097 0.020] specific_force=[0.135 -0.097 9.826] collective=9.828 m/s^2 tilt=0.017 rad mode=tracking
[mpc_controller_node-3] [WARN] [1789643442.737920425] [mpc_controller_node]: Coupled shadow admission reset: valid=true deadline=false status=0 iter=10 solve=23.080 ms primal=5.89e-17/0.00044 dual=3.28e-05/0.0003 violation=1.53e-19 tilt=0.015 thrust=9.831 samples=250
[vehicle_state_bridge_node-2] [INFO] [1789643443.584820180] [vehicle_state_bridge_node]: VehicleState timing: published=13860 timestamp_reject=0 clock_switch=40 stale_reject=661 skew_reject=11 age_ms[pos att ang]=[27.4 1.6 8.2] gap_mean_ms[pos att ang]=[22.84 11.43 11.43] gap_max_ms[pos att ang]=[114.56 95.43 101.52] sample_skew_ms=24.000
[mpc_controller_node-3] [INFO] [1789643443.742716898] [mpc_controller_node]: MPC update seq=13857 measured_x0=[p -0.166 0.075 1.001 v -0.005 -0.003 -0.005 a_hat 0.074 -0.017 0.002 a_raw 0.011 0.018 0.002] u=[0.150 -0.056 0.011] ref_age=7.6 ms state_age=7.7 ms solve=5.972 ms mean=3.575 ms max=49.375 ms coupled_valid=true tilt_max=0.017 thrust_max=9.823
[mpc_controller_node-3] [INFO] [1789643443.821515653] [mpc_controller_node]: Force/attitude setpoint seq=13861 a_des=[0.150 -0.058 0.010] specific_force=[0.150 -0.058 9.817] collective=9.818 m/s^2 tilt=0.016 rad mode=tracking
[mpc_controller_node-3] [WARN] [1789643444.975858839] [mpc_controller_node]: Coupled shadow admission reset: valid=true deadline=false status=0 iter=6 solve=19.530 ms primal=0.000379/0.000571 dual=0.00112/0.0003 violation=1.81e-19 tilt=0.017 thrust=9.827 samples=38
[mpc_controller_node-3] [INFO] [1789643445.756180539] [mpc_controller_node]: MPC update seq=13958 measured_x0=[p -0.152 0.097 1.020 v 0.004 -0.007 -0.009 a_hat 0.045 -0.032 -0.031 a_raw -0.021 0.007 -0.031] u=[0.117 -0.061 -0.009] ref_age=12.3 ms state_age=8.3 ms solve=2.318 ms mean=3.582 ms max=49.375 ms coupled_valid=true tilt_max=0.014 thrust_max=9.814
[mpc_controller_node-3] [INFO] [1789643445.838112229] [mpc_controller_node]: Force/attitude setpoint seq=13962 a_des=[0.121 -0.062 0.011] specific_force=[0.121 -0.062 9.818] collective=9.819 m/s^2 tilt=0.014 rad mode=tracking
[mpc_controller_node-3] [WARN] [1789643447.361845572] [mpc_controller_node]: Coupled shadow admission reset: valid=true deadline=false status=0 iter=10 solve=27.959 ms primal=6.94e-17/0.000499 dual=9.27e-05/0.0003 violation=1.49e-19 tilt=0.018 thrust=9.806 samples=118
[mpc_controller_node-3] [INFO] [1789643447.756909112] [mpc_controller_node]: MPC update seq=14058 measured_x0=[p -0.165 0.098 0.963 v -0.002 0.009 0.021 a_hat 0.072 -0.051 -0.027 a_raw 0.004 -0.024 -0.027] u=[0.138 -0.104 -0.000] ref_age=11.8 ms state_age=7.2 ms solve=3.289 ms mean=3.587 ms max=49.375 ms coupled_valid=true tilt_max=0.018 thrust_max=9.813
[mpc_controller_node-3] [INFO] [1789643447.859145724] [mpc_controller_node]: Force/attitude setpoint seq=14063 a_des=[0.137 -0.104 0.020] specific_force=[0.137 -0.104 9.827] collective=9.828 m/s^2 tilt=0.018 rad mode=tracking
[vehicle_state_bridge_node-2] [INFO] [1789643448.584863867] [vehicle_state_bridge_node]: VehicleState timing: published=14109 timestamp_reject=0 clock_switch=40 stale_reject=661 skew_reject=11 age_ms[pos att ang]=[4.7 12.1 4.7] gap_mean_ms[pos att ang]=[22.90 11.46 11.46] gap_max_ms[pos att ang]=[119.60 95.43 101.52] sample_skew_ms=12.000
[vehicle_state_bridge_node-2] [WARN] [1789643449.264771494] [vehicle_state_bridge_node]: VehicleState not published: reason=SAMPLE_SKEW pos_age=5.124 ms att_age=8.031 ms ang_age=8.056 ms sample_skew=1789643190615.326 ms
[mpc_controller_node-3] [INFO] [1789643449.777892714] [mpc_controller_node]: MPC update seq=14159 measured_x0=[p -0.186 0.099 0.781 v 0.004 -0.002 0.077 a_hat 0.074 -0.032 0.127 a_raw 0.012 0.005 0.127] u=[0.140 -0.077 0.126] ref_age=12.2 ms state_age=8.0 ms solve=4.217 ms mean=3.583 ms max=49.375 ms coupled_valid=true tilt_max=0.016 thrust_max=9.976
[mpc_controller_node-3] [INFO] [1789643449.860489306] [mpc_controller_node]: Force/attitude setpoint seq=14163 a_des=[0.135 -0.082 0.122] specific_force=[0.135 -0.082 9.929] collective=9.930 m/s^2 tilt=0.016 rad mode=tracking
[mpc_controller_node-3] [INFO] [1789643451.778933261] [mpc_controller_node]: MPC update seq=14259 measured_x0=[p -0.187 0.086 0.783 v 0.008 -0.001 0.172 a_hat 0.061 -0.030 -0.096 a_raw -0.005 0.004 -0.096] u=[0.133 -0.069 -0.095] ref_age=11.9 ms state_age=8.0 ms solve=4.307 ms mean=3.580 ms max=49.375 ms coupled_valid=true tilt_max=0.016 thrust_max=9.802
[mpc_controller_node-3] [INFO] [1789643451.889123250] [mpc_controller_node]: Force/attitude setpoint seq=14264 a_des=[0.133 -0.072 -0.090] specific_force=[0.133 -0.072 9.717] collective=9.718 m/s^2 tilt=0.016 rad mode=tracking
[vehicle_state_bridge_node-2] [INFO] [1789643453.585053719] [vehicle_state_bridge_node]: VehicleState timing: published=14358 timestamp_reject=0 clock_switch=42 stale_reject=661 skew_reject=12 age_ms[pos att ang]=[15.7 11.9 12.0] gap_mean_ms[pos att ang]=[22.89 11.46 11.46] gap_max_ms[pos att ang]=[119.60 95.43 101.52] sample_skew_ms=12.000
[mpc_controller_node-3] [INFO] [1789643453.790338797] [mpc_controller_node]: MPC update seq=14359 measured_x0=[p -0.191 0.090 0.809 v 0.009 0.006 0.133 a_hat 0.058 -0.043 0.028 a_raw -0.012 -0.009 0.028] u=[0.133 -0.089 -0.026] ref_age=11.2 ms state_age=11.1 ms solve=2.453 ms mean=3.579 ms max=49.375 ms coupled_valid=true tilt_max=0.017 thrust_max=9.803
[mpc_controller_node-3] [INFO] [1789643453.896714592] [mpc_controller_node]: Force/attitude setpoint seq=14365 a_des=[0.139 -0.090 -0.091] specific_force=[0.139 -0.090 9.716] collective=9.717 m/s^2 tilt=0.017 rad mode=tracking
[mpc_controller_node-3] [INFO] [1789643455.796714103] [mpc_controller_node]: MPC update seq=14460 measured_x0=[p -0.164 0.115 0.832 v 0.008 -0.007 0.083 a_hat 0.048 -0.046 0.044 a_raw -0.014 -0.005 0.044] u=[0.118 -0.072 0.044] ref_age=11.6 ms state_age=6.0 ms solve=2.841 ms mean=3.575 ms max=49.375 ms coupled_valid=true tilt_max=0.014 thrust_max=9.864
[mpc_controller_node-3] [INFO] [1789643455.917531079] [mpc_controller_node]: Force/attitude setpoint seq=14466 a_des=[0.118 -0.068 0.039] specific_force=[0.118 -0.068 9.846] collective=9.847 m/s^2 tilt=0.014 rad mode=tracking
[mpc_controller_node-3] [INFO] [1789643457.815849007] [mpc_controller_node]: MPC update seq=14561 measured_x0=[p -0.168 0.086 0.887 v -0.005 -0.005 0.074 a_hat 0.075 -0.025 -0.020 a_raw 0.012 0.006 -0.020] u=[0.151 -0.059 -0.013] ref_age=6.1 ms state_age=6.3 ms solve=2.199 ms mean=3.568 ms max=49.375 ms coupled_valid=true tilt_max=0.017 thrust_max=9.804
[mpc_controller_node-3] [INFO] [1789643457.935567477] [mpc_controller_node]: Force/attitude setpoint seq=14567 a_des=[0.153 -0.059 -0.013] specific_force=[0.153 -0.059 9.793] collective=9.795 m/s^2 tilt=0.017 rad mode=tracking
[vehicle_state_bridge_node-2] [INFO] [1789643458.585838845] [vehicle_state_bridge_node]: VehicleState timing: published=14608 timestamp_reject=0 clock_switch=42 stale_reject=661 skew_reject=12 age_ms[pos att ang]=[8.8 13.2 13.2] gap_mean_ms[pos att ang]=[22.88 11.45 11.45] gap_max_ms[pos att ang]=[119.60 95.43 101.52] sample_skew_ms=4.000
[mpc_controller_node-3] [INFO] [1789643459.835944716] [mpc_controller_node]: MPC update seq=14662 measured_x0=[p -0.180 0.093 0.951 v 0.011 -0.002 0.060 a_hat 0.058 -0.036 -0.063 a_raw -0.013 -0.002 -0.063] u=[0.118 -0.070 -0.069] ref_age=13.0 ms state_age=8.8 ms solve=2.020 ms mean=3.569 ms max=49.375 ms coupled_valid=true tilt_max=0.014 thrust_max=9.806
[mpc_controller_node-3] [INFO] [1789643459.939699008] [mpc_controller_node]: Force/attitude setpoint seq=14667 a_des=[0.119 -0.074 -0.073] specific_force=[0.119 -0.074 9.733] collective=9.734 m/s^2 tilt=0.014 rad mode=tracking
[mpc_controller_node-3] [WARN] [1789643460.616688142] [mpc_controller_node]: Coupled shadow admission reset: valid=false deadline=true status=4 iter=0 solve=21.845 ms primal=5.89e-17/0 dual=0.0127/0 violation=inf tilt=0.000 thrust=0.000 samples=250
[mpc_controller_node-3] [WARN] [1789643460.619440615] [mpc_controller_node]: MPC failed: solver not converged coupled_status=4 iter=0 primal=5.89e-17 dual=0.0127 solve=21.845 ms; recovery a=[-0.00 -0.00 -0.04]
[mpc_controller_node-3] [INFO] [1789643461.836115805] [mpc_controller_node]: MPC update seq=14762 measured_x0=[p -0.156 0.069 1.004 v -0.001 -0.009 0.004 a_hat 0.050 -0.001 -0.025 a_raw -0.015 0.042 -0.025] u=[0.134 -0.036 -0.015] ref_age=8.8 ms state_age=7.4 ms solve=2.515 ms mean=3.578 ms max=49.375 ms coupled_valid=true tilt_max=0.015 thrust_max=9.809
[mpc_controller_node-3] [INFO] [1789643461.958570072] [mpc_controller_node]: Force/attitude setpoint seq=14768 a_des=[0.137 -0.042 -0.011] specific_force=[0.137 -0.042 9.796] collective=9.797 m/s^2 tilt=0.015 rad mode=tracking
[vehicle_state_bridge_node-2] [INFO] [1789643463.587353329] [vehicle_state_bridge_node]: VehicleState timing: published=14858 timestamp_reject=0 clock_switch=42 stale_reject=661 skew_reject=12 age_ms[pos att ang]=[14.1 7.5 7.5] gap_mean_ms[pos att ang]=[22.89 11.46 11.46] gap_max_ms[pos att ang]=[119.60 95.43 101.52] sample_skew_ms=8.000
[mpc_controller_node-3] [INFO] [1789643463.838254978] [mpc_controller_node]: MPC update seq=14862 measured_x0=[p -0.194 0.098 0.993 v 0.006 0.003 0.005 a_hat 0.085 -0.052 0.006 a_raw 0.019 -0.015 0.006] u=[0.137 -0.086 -0.001] ref_age=11.3 ms state_age=7.4 ms solve=4.653 ms mean=3.573 ms max=49.375 ms coupled_valid=true tilt_max=0.017 thrust_max=9.807
[mpc_controller_node-3] [INFO] [1789643463.980087415] [mpc_controller_node]: Force/attitude setpoint seq=14869 a_des=[0.132 -0.080 -0.008] specific_force=[0.132 -0.080 9.798] collective=9.800 m/s^2 tilt=0.016 rad mode=tracking
[vehicle_state_bridge_node-2] [WARN] [1789643464.664784547] [vehicle_state_bridge_node]: VehicleState not published: reason=SAMPLE_SKEW pos_age=20.557 ms att_age=4.932 ms ang_age=4.964 ms sample_skew=1789643190760.027 ms
[mpc_controller_node-3] [INFO] [1789643465.842231618] [mpc_controller_node]: MPC update seq=14962 measured_x0=[p -0.182 0.090 1.034 v 0.012 -0.005 -0.006 a_hat 0.059 -0.029 -0.020 a_raw -0.013 0.001 -0.020] u=[0.119 -0.060 -0.033] ref_age=11.1 ms state_age=9.4 ms solve=5.658 ms mean=3.569 ms max=49.375 ms coupled_valid=true tilt_max=0.014 thrust_max=9.819
[mpc_controller_node-3] [INFO] [1789643465.996391813] [mpc_controller_node]: Force/attitude setpoint seq=14970 a_des=[0.117 -0.065 -0.031] specific_force=[0.117 -0.065 9.776] collective=9.776 m/s^2 tilt=0.014 rad mode=tracking
[mpc_controller_node-3] [INFO] [1789643467.864364624] [mpc_controller_node]: MPC update seq=15063 measured_x0=[p -0.165 0.070 1.071 v -0.006 0.005 0.017 a_hat 0.073 -0.028 -0.120 a_raw 0.003 0.003 -0.120] u=[0.150 -0.073 -0.137] ref_age=12.7 ms state_age=8.8 ms solve=9.681 ms mean=3.571 ms max=49.375 ms coupled_valid=true tilt_max=0.018 thrust_max=9.835
[mpc_controller_node-3] [INFO] [1789643468.001088928] [mpc_controller_node]: Force/attitude setpoint seq=15070 a_des=[0.153 -0.072 -0.133] specific_force=[0.153 -0.072 9.674] collective=9.675 m/s^2 tilt=0.017 rad mode=tracking
[vehicle_state_bridge_node-2] [INFO] [1789643468.605639102] [vehicle_state_bridge_node]: VehicleState timing: published=15108 timestamp_reject=0 clock_switch=46 stale_reject=661 skew_reject=13 age_ms[pos att ang]=[18.5 12.6 12.6] gap_mean_ms[pos att ang]=[22.90 11.46 11.46] gap_max_ms[pos att ang]=[119.60 95.43 101.52] sample_skew_ms=8.000
[mpc_controller_node-3] [INFO] [1789643469.876323770] [mpc_controller_node]: MPC update seq=15164 measured_x0=[p -0.164 0.056 1.076 v 0.007 0.009 -0.038 a_hat 0.045 -0.023 -0.036 a_raw -0.028 0.009 -0.036] u=[0.119 -0.073 -0.020] ref_age=11.7 ms state_age=8.2 ms solve=2.601 ms mean=3.575 ms max=49.375 ms coupled_valid=true tilt_max=0.015 thrust_max=9.833
[mpc_controller_node-3] [INFO] [1789643470.017190605] [mpc_controller_node]: Force/attitude setpoint seq=15171 a_des=[0.124 -0.083 -0.002] specific_force=[0.124 -0.083 9.805] collective=9.806 m/s^2 tilt=0.015 rad mode=tracking
[mpc_controller_node-3] [INFO] [1789643471.896331802] [mpc_controller_node]: MPC update seq=15265 measured_x0=[p -0.161 0.058 0.967 v 0.002 -0.003 0.001 a_hat 0.061 -0.009 0.058 a_raw -0.007 0.025 0.058] u=[0.127 -0.043 0.044] ref_age=11.8 ms state_age=8.0 ms solve=2.577 ms mean=3.572 ms max=49.375 ms coupled_valid=true tilt_max=0.014 thrust_max=9.866
[mpc_controller_node-3] [INFO] [1789643472.035338408] [mpc_controller_node]: Force/attitude setpoint seq=15272 a_des=[0.120 -0.048 0.038] specific_force=[0.120 -0.048 9.845] collective=9.846 m/s^2 tilt=0.013 rad mode=tracking
[vehicle_state_bridge_node-2] [INFO] [1789643473.624961980] [vehicle_state_bridge_node]: VehicleState timing: published=15359 timestamp_reject=0 clock_switch=46 stale_reject=661 skew_reject=13 age_ms[pos att ang]=[8.6 8.6 8.6] gap_mean_ms[pos att ang]=[22.88 11.45 11.45] gap_max_ms[pos att ang]=[119.60 95.43 101.52] sample_skew_ms=8.000
[mpc_controller_node-3] [INFO] [1789643473.916104470] [mpc_controller_node]: MPC update seq=15366 measured_x0=[p -0.140 0.071 0.966 v -0.006 0.005 0.021 a_hat 0.054 -0.041 0.009 a_raw -0.017 -0.016 0.009] u=[0.133 -0.069 -0.001] ref_age=11.7 ms state_age=8.3 ms solve=2.439 ms mean=3.566 ms max=49.375 ms coupled_valid=true tilt_max=0.016 thrust_max=9.807
[mpc_controller_node-3] [INFO] [1789643474.036824666] [mpc_controller_node]: Force/attitude setpoint seq=15372 a_des=[0.138 -0.066 -0.002] specific_force=[0.138 -0.066 9.805] collective=9.806 m/s^2 tilt=0.016 rad mode=tracking
[mpc_controller_node-3] [INFO] [1789643475.935687723] [mpc_controller_node]: MPC update seq=15467 measured_x0=[p -0.143 0.072 1.014 v -0.009 0.007 0.003 a_hat 0.054 -0.030 -0.028 a_raw -0.018 0.008 -0.028] u=[0.145 -0.076 -0.027] ref_age=12.5 ms state_age=8.3 ms solve=1.959 ms mean=3.558 ms max=49.375 ms coupled_valid=true tilt_max=0.017 thrust_max=9.812
[mpc_controller_node-3] [INFO] [1789643476.037685160] [mpc_controller_node]: Force/attitude setpoint seq=15472 a_des=[0.153 -0.088 -0.027] specific_force=[0.153 -0.088 9.780] collective=9.781 m/s^2 tilt=0.018 rad mode=tracking
[mpc_controller_node-3] [INFO] [1789643477.939735357] [mpc_controller_node]: MPC update seq=15567 measured_x0=[p -0.158 0.086 1.040 v -0.005 -0.001 -0.015 a_hat 0.074 -0.031 -0.024 a_raw 0.006 0.004 -0.024] u=[0.142 -0.067 -0.021] ref_age=11.9 ms state_age=8.5 ms solve=6.064 ms mean=3.552 ms max=49.375 ms coupled_valid=true tilt_max=0.016 thrust_max=9.820
[mpc_controller_node-3] [INFO] [1789643478.057391872] [mpc_controller_node]: Force/attitude setpoint seq=15573 a_des=[0.140 -0.068 -0.024] specific_force=[0.140 -0.068 9.783] collective=9.784 m/s^2 tilt=0.016 rad mode=tracking
[vehicle_state_bridge_node-2] [INFO] [1789643478.645036437] [vehicle_state_bridge_node]: VehicleState timing: published=15610 timestamp_reject=0 clock_switch=47 stale_reject=661 skew_reject=13 age_ms[pos att ang]=[10.0 3.9 4.0] gap_mean_ms[pos att ang]=[22.83 11.43 11.43] gap_max_ms[pos att ang]=[119.60 95.43 101.52] sample_skew_ms=1789643192693.829
[vehicle_state_bridge_node-2] [WARN] [1789643478.645279131] [vehicle_state_bridge_node]: VehicleState not published: reason=SAMPLE_SKEW pos_age=9.971 ms att_age=3.940 ms ang_age=3.975 ms sample_skew=1789643192693.829 ms
[mpc_controller_node-3] [WARN] [1789643479.098610509] [mpc_controller_node]: Coupled shadow admission reset: valid=true deadline=false status=0 iter=10 solve=19.850 ms primal=5.55e-17/0.000438 dual=5.57e-05/0.0003 violation=7.47e-20 tilt=0.014 thrust=9.833 samples=250
[mpc_controller_node-3] [INFO] [1789643479.955847183] [mpc_controller_node]: MPC update seq=15667 measured_x0=[p -0.142 0.055 1.089 v 0.007 -0.003 -0.039 a_hat 0.038 -0.005 -0.044 a_raw -0.033 0.029 -0.044] u=[0.103 -0.043 -0.035] ref_age=11.9 ms state_age=8.1 ms solve=2.269 ms mean=3.558 ms max=49.375 ms coupled_valid=true tilt_max=0.012 thrust_max=9.837
[mpc_controller_node-3] [INFO] [1789643480.057863252] [mpc_controller_node]: Force/attitude setpoint seq=15672 a_des=[0.103 -0.045 -0.034] specific_force=[0.103 -0.045 9.772] collective=9.773 m/s^2 tilt=0.011 rad mode=tracking
[mpc_controller_node-3] [INFO] [1789643481.977957868] [mpc_controller_node]: MPC update seq=15768 measured_x0=[p -0.137 0.060 1.082 v -0.012 0.010 -0.043 a_hat 0.072 -0.035 -0.009 a_raw 0.013 -0.000 -0.009] u=[0.143 -0.076 -0.015] ref_age=9.9 ms state_age=6.0 ms solve=3.631 ms mean=3.556 ms max=49.375 ms coupled_valid=true tilt_max=0.017 thrust_max=9.835
[mpc_controller_node-3] [INFO] [1789643482.076387667] [mpc_controller_node]: Force/attitude setpoint seq=15773 a_des=[0.140 -0.077 -0.017] specific_force=[0.140 -0.077 9.790] collective=9.791 m/s^2 tilt=0.016 rad mode=tracking
[vehicle_state_bridge_node-2] [INFO] [1789643483.868672133] [vehicle_state_bridge_node]: VehicleState timing: published=15855 timestamp_reject=0 clock_switch=48 stale_reject=661 skew_reject=14 age_ms[pos att ang]=[336.9 336.9 329.5] gap_mean_ms[pos att ang]=[22.86 11.44 11.44] gap_max_ms[pos att ang]=[119.60 95.43 101.52] sample_skew_ms=16.000
[vehicle_state_bridge_node-2] [WARN] [1789643483.868832407] [vehicle_state_bridge_node]: VehicleState not published: reason=POSITION_STALE pos_age=336.890 ms att_age=336.914 ms ang_age=329.513 ms sample_skew=16.000 ms
[mpc_controller_node-3] [WARN] [1789643483.873616810] [mpc_controller_node]: MPC update rejected: stale input: reference_age=0.291 s (limit 1.500 s), state_age=0.347 s (limit 0.250 s)
[mpc_controller_node-3] [INFO] [1789643483.893493332] [mpc_controller_node]: Input-rate memory were reset: reference_age=0.012 s, state_age=0.008 s
[mpc_controller_node-3] [INFO] [1789643483.997926495] [mpc_controller_node]: MPC update seq=15855 measured_x0=[p -0.140 0.077 1.102 v -0.005 0.013 -0.050 a_hat 0.022 -0.035 -0.004 a_raw -0.020 -0.012 -0.004] u=[0.139 -0.099 -0.027] ref_age=11.0 ms state_age=7.9 ms solve=4.069 ms mean=3.553 ms max=49.375 ms coupled_valid=true tilt_max=0.018 thrust_max=9.841
[mpc_controller_node-3] [INFO] [1789643484.097593923] [mpc_controller_node]: Force/attitude setpoint seq=15860 a_des=[0.142 -0.101 -0.027] specific_force=[0.142 -0.101 9.779] collective=9.781 m/s^2 tilt=0.018 rad mode=tracking
[mpc_controller_node-3] [INFO] [1789643485.998972345] [mpc_controller_node]: MPC update seq=15955 measured_x0=[p -0.190 0.086 1.107 v -0.000 0.003 -0.047 a_hat 0.085 -0.042 -0.043 a_raw 0.020 -0.011 -0.043] u=[0.152 -0.078 -0.040] ref_age=11.3 ms state_age=7.5 ms solve=5.110 ms mean=3.550 ms max=49.375 ms coupled_valid=true tilt_max=0.018 thrust_max=9.843
[mpc_controller_node-3] [INFO] [1789643486.098164370] [mpc_controller_node]: Force/attitude setpoint seq=15960 a_des=[0.150 -0.075 -0.035] specific_force=[0.150 -0.075 9.772] collective=9.773 m/s^2 tilt=0.017 rad mode=tracking
[mpc_controller_node-3] [WARN] [1789643486.853927442] [mpc_controller_node]: Coupled shadow admission reset: valid=true deadline=false status=0 iter=10 solve=19.846 ms primal=1.17e-16/0.000537 dual=0.000177/0.0003 violation=9.86e-20 tilt=0.018 thrust=9.843 samples=250
[mpc_controller_node-3] [INFO] [1789643488.016721812] [mpc_controller_node]: MPC update seq=16056 measured_x0=[p -0.198 0.069 1.084 v 0.010 0.003 -0.050 a_hat 0.073 -0.023 -0.020 a_raw 0.003 0.016 -0.020] u=[0.132 -0.067 -0.002] ref_age=6.9 ms state_age=5.5 ms solve=3.063 ms mean=3.555 ms max=49.375 ms coupled_valid=true tilt_max=0.015 thrust_max=9.835
[mpc_controller_node-3] [INFO] [1789643488.100240546] [mpc_controller_node]: Force/attitude setpoint seq=16060 a_des=[0.130 -0.068 0.008] specific_force=[0.130 -0.068 9.814] collective=9.816 m/s^2 tilt=0.015 rad mode=tracking
[vehicle_state_bridge_node-2] [INFO] [1789643488.885646296] [vehicle_state_bridge_node]: VehicleState timing: published=16105 timestamp_reject=0 clock_switch=48 stale_reject=662 skew_reject=14 age_ms[pos att ang]=[20.5 6.1 6.1] gap_mean_ms[pos att ang]=[22.87 11.45 11.45] gap_max_ms[pos att ang]=[337.19 337.21 329.79] sample_skew_ms=24.000
[mpc_controller_node-3] [INFO] [1789643490.017655159] [mpc_controller_node]: MPC update seq=16156 measured_x0=[p -0.174 0.063 0.977 v 0.004 0.003 0.009 a_hat 0.069 -0.020 0.015 a_raw -0.005 0.013 0.015] u=[0.129 -0.062 0.012] ref_age=12.4 ms state_age=8.1 ms solve=3.537 ms mean=3.553 ms max=49.375 ms coupled_valid=true tilt_max=0.015 thrust_max=9.823
[mpc_controller_node-3] [INFO] [1789643490.115137942] [mpc_controller_node]: Force/attitude setpoint seq=16161 a_des=[0.126 -0.064 0.010] specific_force=[0.126 -0.064 9.817] collective=9.818 m/s^2 tilt=0.014 rad mode=tracking
[mpc_controller_node-3] [INFO] [1789643492.036903238] [mpc_controller_node]: MPC update seq=16257 measured_x0=[p -0.161 0.096 0.983 v 0.004 -0.004 0.007 a_hat 0.058 -0.049 -0.003 a_raw -0.011 -0.016 -0.003] u=[0.124 -0.062 0.008] ref_age=13.5 ms state_age=9.3 ms solve=2.360 ms mean=3.547 ms max=49.375 ms coupled_valid=true tilt_max=0.014 thrust_max=9.818
[mpc_controller_node-3] [INFO] [1789643492.115562603] [mpc_controller_node]: Force/attitude setpoint seq=16261 a_des=[0.120 -0.059 0.007] specific_force=[0.120 -0.059 9.814] collective=9.815 m/s^2 tilt=0.014 rad mode=tracking
[vehicle_state_bridge_node-2] [WARN] [1789643493.324675779] [vehicle_state_bridge_node]: VehicleState not published: reason=SAMPLE_SKEW pos_age=16.871 ms att_age=5.303 ms ang_age=6.188 ms sample_skew=1789643194362.927 ms
[vehicle_state_bridge_node-2] [INFO] [1789643493.904744102] [vehicle_state_bridge_node]: VehicleState timing: published=16355 timestamp_reject=0 clock_switch=50 stale_reject=662 skew_reject=15 age_ms[pos att ang]=[16.3 5.7 5.8] gap_mean_ms[pos att ang]=[22.83 11.43 11.43] gap_max_ms[pos att ang]=[337.19 337.21 329.79] sample_skew_ms=19.917
[mpc_controller_node-3] [INFO] [1789643494.037448597] [mpc_controller_node]: MPC update seq=16357 measured_x0=[p -0.126 0.067 1.048 v -0.016 0.001 -0.009 a_hat 0.064 -0.027 -0.049 a_raw -0.001 0.002 -0.049] u=[0.148 -0.057 -0.046] ref_age=12.8 ms state_age=8.0 ms solve=3.190 ms mean=3.541 ms max=49.375 ms coupled_valid=true tilt_max=0.017 thrust_max=9.824
[mpc_controller_node-3] [INFO] [1789643494.117195598] [mpc_controller_node]: Force/attitude setpoint seq=16361 a_des=[0.151 -0.060 -0.046] specific_force=[0.151 -0.060 9.760] collective=9.762 m/s^2 tilt=0.017 rad mode=tracking
[mpc_controller_node-3] [INFO] [1789643496.055712734] [mpc_controller_node]: MPC update seq=16458 measured_x0=[p -0.172 0.080 1.067 v -0.004 -0.003 -0.033 a_hat 0.078 -0.021 -0.021 a_raw 0.012 0.016 -0.021] u=[0.149 -0.058 -0.016] ref_age=9.6 ms state_age=6.4 ms solve=1.996 ms mean=3.535 ms max=49.375 ms coupled_valid=true tilt_max=0.017 thrust_max=9.829
[mpc_controller_node-3] [INFO] [1789643496.136239758] [mpc_controller_node]: Force/attitude setpoint seq=16462 a_des=[0.149 -0.060 -0.018] specific_force=[0.149 -0.060 9.789] collective=9.790 m/s^2 tilt=0.016 rad mode=tracking
[mpc_controller_node-3] [INFO] [1789643498.055941264] [mpc_controller_node]: MPC update seq=16558 measured_x0=[p -0.162 0.071 1.097 v 0.007 0.002 -0.047 a_hat 0.048 -0.030 -0.024 a_raw -0.018 0.005 -0.024] u=[0.118 -0.062 -0.026] ref_age=10.9 ms state_age=8.2 ms solve=2.174 ms mean=3.531 ms max=49.375 ms coupled_valid=true tilt_max=0.014 thrust_max=9.839
[mpc_controller_node-3] [INFO] [1789643498.139299128] [mpc_controller_node]: Force/attitude setpoint seq=16562 a_des=[0.119 -0.064 -0.024] specific_force=[0.119 -0.064 9.783] collective=9.784 m/s^2 tilt=0.014 rad mode=tracking
[vehicle_state_bridge_node-2] [INFO] [1789643498.904906597] [vehicle_state_bridge_node]: VehicleState timing: published=16605 timestamp_reject=0 clock_switch=50 stale_reject=662 skew_reject=15 age_ms[pos att ang]=[4.7 3.2 3.2] gap_mean_ms[pos att ang]=[22.80 11.41 11.41] gap_max_ms[pos att ang]=[337.19 337.21 329.79] sample_skew_ms=8.000
[mpc_controller_node-3] [INFO] [1789643500.057459648] [mpc_controller_node]: MPC update seq=16658 measured_x0=[p -0.169 0.056 1.089 v -0.004 0.005 -0.044 a_hat 0.075 -0.023 -0.022 a_raw 0.016 0.018 -0.022] u=[0.148 -0.062 -0.023] ref_age=12.5 ms state_age=7.6 ms solve=3.809 ms mean=3.525 ms max=49.375 ms coupled_valid=true tilt_max=0.017 thrust_max=9.837
[mpc_controller_node-3] [INFO] [1789643500.154673554] [mpc_controller_node]: Force/attitude setpoint seq=16663 a_des=[0.147 -0.060 -0.013] specific_force=[0.147 -0.060 9.793] collective=9.794 m/s^2 tilt=0.016 rad mode=tracking
[mpc_controller_node-3] [INFO] [1789643502.076399015] [mpc_controller_node]: MPC update seq=16759 measured_x0=[p -0.181 0.049 0.986 v -0.005 0.008 -0.000 a_hat 0.081 -0.038 0.022 a_raw 0.015 -0.015 0.022] u=[0.160 -0.060 0.021] ref_age=12.3 ms state_age=8.4 ms solve=2.690 ms mean=3.516 ms max=49.375 ms coupled_valid=true tilt_max=0.018 thrust_max=9.836
[mpc_controller_node-3] [INFO] [1789643502.154712318] [mpc_controller_node]: Force/attitude setpoint seq=16763 a_des=[0.160 -0.054 0.017] specific_force=[0.160 -0.054 9.824] collective=9.825 m/s^2 tilt=0.017 rad mode=tracking
[vehicle_state_bridge_node-2] [INFO] [1789643503.924728160] [vehicle_state_bridge_node]: VehicleState timing: published=16856 timestamp_reject=0 clock_switch=50 stale_reject=662 skew_reject=15 age_ms[pos att ang]=[7.6 10.6 10.6] gap_mean_ms[pos att ang]=[22.76 11.39 11.39] gap_max_ms[pos att ang]=[337.19 337.21 329.79] sample_skew_ms=8.000
[mpc_controller_node-3] [INFO] [1789643504.097657098] [mpc_controller_node]: MPC update seq=16860 measured_x0=[p -0.176 0.063 1.023 v -0.003 0.013 -0.002 a_hat 0.068 -0.040 -0.023 a_raw -0.004 -0.013 -0.023] u=[0.154 -0.085 -0.027] ref_age=12.4 ms state_age=8.2 ms solve=3.881 ms mean=3.506 ms max=49.375 ms coupled_valid=true tilt_max=0.018 thrust_max=9.815
[mpc_controller_node-3] [INFO] [1789643504.157394661] [mpc_controller_node]: Force/attitude setpoint seq=16863 a_des=[0.157 -0.088 -0.031] specific_force=[0.157 -0.088 9.776] collective=9.777 m/s^2 tilt=0.018 rad mode=tracking
[mpc_controller_node-3] [INFO] [1789643506.116619838] [mpc_controller_node]: MPC update seq=16960 measured_x0=[p -0.165 0.069 1.080 v -0.003 0.002 0.027 a_hat 0.065 -0.030 -0.171 a_raw -0.005 0.002 -0.171] u=[0.143 -0.064 -0.174] ref_age=12.8 ms state_age=8.4 ms solve=2.833 ms mean=3.501 ms max=49.375 ms coupled_valid=true tilt_max=0.017 thrust_max=9.840
[mpc_controller_node-3] [INFO] [1789643506.175239604] [mpc_controller_node]: Force/attitude setpoint seq=16963 a_des=[0.143 -0.064 -0.169] specific_force=[0.143 -0.064 9.638] collective=9.639 m/s^2 tilt=0.016 rad mode=tracking
[mpc_controller_node-3] [INFO] [1789643508.117094449] [mpc_controller_node]: MPC update seq=17060 measured_x0=[p -0.144 0.092 1.010 v -0.000 -0.010 -0.015 a_hat 0.054 -0.035 0.032 a_raw -0.011 -0.011 0.032] u=[0.120 -0.046 0.021] ref_age=8.4 ms state_age=6.2 ms solve=3.350 ms mean=3.493 ms max=49.375 ms coupled_valid=true tilt_max=0.013 thrust_max=9.835
[mpc_controller_node-3] [INFO] [1789643508.185686501] [mpc_controller_node]: Force/attitude setpoint seq=17063 a_des=[0.119 -0.044 0.018] specific_force=[0.119 -0.044 9.824] collective=9.825 m/s^2 tilt=0.013 rad mode=tracking
[vehicle_state_bridge_node-2] [INFO] [1789643508.925009859] [vehicle_state_bridge_node]: VehicleState timing: published=17106 timestamp_reject=0 clock_switch=54 stale_reject=662 skew_reject=15 age_ms[pos att ang]=[10.6 7.6 7.6] gap_mean_ms[pos att ang]=[22.72 11.37 11.37] gap_max_ms[pos att ang]=[337.19 337.21 329.79] sample_skew_ms=3.979
[mpc_controller_node-3] [INFO] [1789643510.135395050] [mpc_controller_node]: MPC update seq=17161 measured_x0=[p -0.120 0.079 0.987 v -0.009 -0.006 0.002 a_hat 0.050 -0.020 0.017 a_raw -0.019 0.021 0.017] u=[0.124 -0.048 0.013] ref_age=12.0 ms state_age=7.9 ms solve=1.849 ms mean=3.485 ms max=49.375 ms coupled_valid=true tilt_max=0.014 thrust_max=9.824
[mpc_controller_node-3] [INFO] [1789643510.195755552] [mpc_controller_node]: Force/attitude setpoint seq=17164 a_des=[0.125 -0.049 0.012] specific_force=[0.125 -0.049 9.819] collective=9.820 m/s^2 tilt=0.014 rad mode=tracking
[mpc_controller_node-3] [INFO] [1789643512.154686786] [mpc_controller_node]: MPC update seq=17262 measured_x0=[p -0.167 0.073 1.035 v -0.006 0.001 -0.007 a_hat 0.082 -0.025 -0.038 a_raw 0.012 0.008 -0.038] u=[0.149 -0.066 -0.033] ref_age=12.6 ms state_age=7.8 ms solve=1.246 ms mean=3.475 ms max=49.375 ms coupled_valid=true tilt_max=0.017 thrust_max=9.819
[mpc_controller_node-3] [INFO] [1789643512.196452349] [mpc_controller_node]: Force/attitude setpoint seq=17264 a_des=[0.147 -0.066 -0.033] specific_force=[0.147 -0.066 9.774] collective=9.775 m/s^2 tilt=0.017 rad mode=tracking
[vehicle_state_bridge_node-2] [INFO] [1789643513.944723967] [vehicle_state_bridge_node]: VehicleState timing: published=17357 timestamp_reject=0 clock_switch=54 stale_reject=662 skew_reject=15 age_ms[pos att ang]=[9.5 6.8 6.8] gap_mean_ms[pos att ang]=[22.68 11.35 11.35] gap_max_ms[pos att ang]=[337.19 337.21 329.79] sample_skew_ms=4.000
[mpc_controller_node-3] [INFO] [1789643514.154824138] [mpc_controller_node]: MPC update seq=17362 measured_x0=[p -0.173 0.103 1.050 v 0.002 -0.000 -0.025 a_hat 0.078 -0.051 -0.009 a_raw 0.008 -0.017 -0.009] u=[0.134 -0.082 -0.012] ref_age=12.4 ms state_age=8.2 ms solve=1.371 ms mean=3.466 ms max=49.375 ms coupled_valid=true tilt_max=0.016 thrust_max=9.824
[mpc_controller_node-3] [INFO] [1789643514.216580264] [mpc_controller_node]: Force/attitude setpoint seq=17365 a_des=[0.132 -0.078 -0.014] specific_force=[0.132 -0.078 9.792] collective=9.794 m/s^2 tilt=0.016 rad mode=tracking
[mpc_controller_node-3] [INFO] [1789643516.156253977] [mpc_controller_node]: MPC update seq=17462 measured_x0=[p -0.172 0.094 1.081 v 0.002 -0.000 -0.036 a_hat 0.077 -0.034 -0.028 a_raw 0.013 0.008 -0.028] u=[0.132 -0.077 -0.031] ref_age=12.6 ms state_age=8.5 ms solve=2.662 ms mean=3.459 ms max=49.375 ms coupled_valid=true tilt_max=0.016 thrust_max=9.834
[mpc_controller_node-3] [INFO] [1789643516.236438514] [mpc_controller_node]: Force/attitude setpoint seq=17466 a_des=[0.128 -0.076 -0.032] specific_force=[0.128 -0.076 9.775] collective=9.776 m/s^2 tilt=0.015 rad mode=tracking
[mpc_controller_node-3] [INFO] [1789643518.175560742] [mpc_controller_node]: MPC update seq=17563 measured_x0=[p -0.161 0.122 1.090 v 0.002 -0.007 -0.051 a_hat 0.049 -0.047 -0.015 a_raw -0.016 -0.017 -0.015] u=[0.131 -0.077 -0.007] ref_age=9.9 ms state_age=7.9 ms solve=1.994 ms mean=3.450 ms max=49.375 ms coupled_valid=true tilt_max=0.016 thrust_max=9.837
[mpc_controller_node-3] [INFO] [1789643518.236607095] [mpc_controller_node]: Force/attitude setpoint seq=17566 a_des=[0.133 -0.076 -0.005] specific_force=[0.133 -0.076 9.801] collective=9.803 m/s^2 tilt=0.016 rad mode=tracking
[vehicle_state_bridge_node-2] [INFO] [1789643518.965351476] [vehicle_state_bridge_node]: VehicleState timing: published=17608 timestamp_reject=0 clock_switch=54 stale_reject=662 skew_reject=15 age_ms[pos att ang]=[7.8 4.8 4.8] gap_mean_ms[pos att ang]=[22.64 11.33 11.33] gap_max_ms[pos att ang]=[337.19 337.21 329.79] sample_skew_ms=28.000
[mpc_controller_node-3] [INFO] [1789643520.178130028] [mpc_controller_node]: MPC update seq=17663 measured_x0=[p -0.166 0.139 1.120 v -0.002 -0.009 -0.030 a_hat 0.067 -0.053 -0.123 a_raw 0.008 -0.018 -0.123] u=[0.142 -0.087 -0.101] ref_age=11.5 ms state_age=4.8 ms solve=4.311 ms mean=3.446 ms max=49.375 ms coupled_valid=true tilt_max=0.017 thrust_max=9.849
[mpc_controller_node-3] [INFO] [1789643520.238318646] [mpc_controller_node]: Force/attitude setpoint seq=17666 a_des=[0.142 -0.086 -0.092] specific_force=[0.142 -0.086 9.714] collective=9.716 m/s^2 tilt=0.017 rad mode=tracking
[mpc_controller_node-3] [INFO] [1789643522.178719780] [mpc_controller_node]: MPC update seq=17763 measured_x0=[p -0.205 0.150 1.020 v 0.005 -0.017 -0.022 a_hat 0.080 -0.048 0.031 a_raw 0.009 -0.016 0.031] u=[0.151 -0.075 0.023] ref_age=10.5 ms state_age=8.8 ms solve=4.422 ms mean=3.441 ms max=49.375 ms coupled_valid=true tilt_max=0.017 thrust_max=9.838
[mpc_controller_node-3] [INFO] [1789643522.256500793] [mpc_controller_node]: Force/attitude setpoint seq=17767 a_des=[0.150 -0.072 0.020] specific_force=[0.150 -0.072 9.826] collective=9.828 m/s^2 tilt=0.017 rad mode=tracking
[vehicle_state_bridge_node-2] [INFO] [1789643523.984683189] [vehicle_state_bridge_node]: VehicleState timing: published=17859 timestamp_reject=0 clock_switch=54 stale_reject=662 skew_reject=15 age_ms[pos att ang]=[1.9 1.9 1.9] gap_mean_ms[pos att ang]=[22.61 11.32 11.32] gap_max_ms[pos att ang]=[337.19 337.21 329.79] sample_skew_ms=0.000
[mpc_controller_node-3] [INFO] [1789643524.196701603] [mpc_controller_node]: MPC update seq=17864 measured_x0=[p -0.184 0.122 1.011 v 0.004 -0.019 -0.001 a_hat 0.064 -0.031 -0.022 a_raw -0.003 0.004 -0.022] u=[0.142 -0.050 -0.013] ref_age=12.9 ms state_age=7.5 ms solve=2.772 ms mean=3.435 ms max=49.375 ms coupled_valid=true tilt_max=0.016 thrust_max=9.811
[mpc_controller_node-3] [INFO] [1789643524.257951492] [mpc_controller_node]: Force/attitude setpoint seq=17867 a_des=[0.144 -0.046 -0.013] specific_force=[0.144 -0.046 9.794] collective=9.795 m/s^2 tilt=0.015 rad mode=tracking
[mpc_controller_node-3] [INFO] [1789643526.217192435] [mpc_controller_node]: MPC update seq=17965 measured_x0=[p -0.166 0.100 1.057 v 0.005 -0.008 0.095 a_hat 0.053 -0.023 -0.256 a_raw -0.009 0.012 -0.256] u=[0.126 -0.064 -0.292] ref_age=12.5 ms state_age=7.3 ms solve=3.504 ms mean=3.434 ms max=49.375 ms coupled_valid=true tilt_max=0.015 thrust_max=9.840
[mpc_controller_node-3] [INFO] [1789643526.276823317] [mpc_controller_node]: Force/attitude setpoint seq=17968 a_des=[0.126 -0.064 -0.301] specific_force=[0.126 -0.064 9.505] collective=9.507 m/s^2 tilt=0.015 rad mode=tracking
[mpc_controller_node-3] [INFO] [1789643528.235557396] [mpc_controller_node]: MPC update seq=18066 measured_x0=[p -0.153 0.100 0.890 v -0.005 -0.007 0.024 a_hat 0.077 -0.033 0.102 a_raw 0.018 0.002 0.102] u=[0.135 -0.063 0.097] ref_age=11.5 ms state_age=6.7 ms solve=1.910 ms mean=3.429 ms max=49.375 ms coupled_valid=true tilt_max=0.015 thrust_max=9.938
[mpc_controller_node-3] [INFO] [1789643528.277016219] [mpc_controller_node]: Force/attitude setpoint seq=18068 a_des=[0.133 -0.063 0.096] specific_force=[0.133 -0.063 9.902] collective=9.904 m/s^2 tilt=0.015 rad mode=tracking
[vehicle_state_bridge_node-2] [INFO] [1789643528.984905752] [vehicle_state_bridge_node]: VehicleState timing: published=18109 timestamp_reject=0 clock_switch=54 stale_reject=662 skew_reject=15 age_ms[pos att ang]=[15.5 1.4 6.7] gap_mean_ms[pos att ang]=[22.59 11.31 11.31] gap_max_ms[pos att ang]=[337.19 337.21 329.79] sample_skew_ms=16.000
[mpc_controller_node-3] [INFO] [1789643530.235756287] [mpc_controller_node]: MPC update seq=18166 measured_x0=[p -0.188 0.086 0.876 v -0.003 0.008 0.084 a_hat 0.097 -0.045 -0.024 a_raw 0.041 -0.014 -0.024] u=[0.154 -0.091 -0.020] ref_age=0.5 ms state_age=0.6 ms solve=2.315 ms mean=3.427 ms max=49.375 ms coupled_valid=true tilt_max=0.019 thrust_max=9.804
[mpc_controller_node-3] [INFO] [1789643530.296429124] [mpc_controller_node]: Force/attitude setpoint seq=18169 a_des=[0.152 -0.092 -0.017] specific_force=[0.152 -0.092 9.790] collective=9.792 m/s^2 tilt=0.018 rad mode=tracking
[mpc_controller_node-3] [WARN] [1789643530.442141545] [mpc_controller_node]: Coupled shadow admission reset: valid=true deadline=false status=0 iter=10 solve=22.869 ms primal=9.32e-17/0.000472 dual=3.55e-05/0.0003 violation=2.35e-19 tilt=0.018 thrust=9.804 samples=250
[mpc_controller_node-3] [INFO] [1789643532.236583326] [mpc_controller_node]: MPC update seq=18266 measured_x0=[p -0.164 0.067 0.867 v 0.004 -0.010 0.066 a_hat 0.054 -0.004 0.027 a_raw -0.010 0.027 0.027] u=[0.126 -0.033 0.032] ref_age=10.4 ms state_age=6.5 ms solve=2.962 ms mean=3.432 ms max=49.375 ms coupled_valid=true tilt_max=0.013 thrust_max=9.852
[mpc_controller_node-3] [INFO] [1789643532.296591167] [mpc_controller_node]: Force/attitude setpoint seq=18269 a_des=[0.128 -0.031 0.041] specific_force=[0.128 -0.031 9.848] collective=9.849 m/s^2 tilt=0.013 rad mode=tracking
[vehicle_state_bridge_node-2] [INFO] [1789643534.004826416] [vehicle_state_bridge_node]: VehicleState timing: published=18360 timestamp_reject=0 clock_switch=54 stale_reject=662 skew_reject=15 age_ms[pos att ang]=[14.2 10.3 3.5] gap_mean_ms[pos att ang]=[22.61 11.32 11.32] gap_max_ms[pos att ang]=[337.19 337.21 329.79] sample_skew_ms=20.000
[mpc_controller_node-3] [INFO] [1789643534.237364956] [mpc_controller_node]: MPC update seq=18366 measured_x0=[p -0.176 0.064 0.797 v -0.007 0.008 0.111 a_hat 0.085 -0.035 0.036 a_raw 0.021 -0.005 0.036] u=[0.161 -0.073 0.026] ref_age=7.8 ms state_age=8.0 ms solve=3.612 ms mean=3.429 ms max=49.375 ms coupled_valid=true tilt_max=0.018 thrust_max=9.839
[mpc_controller_node-3] [INFO] [1789643534.319786015] [mpc_controller_node]: Force/attitude setpoint seq=18370 a_des=[0.161 -0.072 0.019] specific_force=[0.161 -0.072 9.826] collective=9.828 m/s^2 tilt=0.018 rad mode=tracking
[mpc_controller_node-3] [INFO] [1789643536.238776351] [mpc_controller_node]: MPC update seq=18466 measured_x0=[p -0.177 0.057 0.885 v 0.012 0.010 0.078 a_hat 0.050 -0.033 -0.022 a_raw -0.015 -0.003 -0.022] u=[0.116 -0.073 -0.018] ref_age=9.1 ms state_age=6.2 ms solve=5.027 ms mean=3.428 ms max=49.375 ms coupled_valid=true tilt_max=0.014 thrust_max=9.804
[mpc_controller_node-3] [INFO] [1789643536.339973130] [mpc_controller_node]: Force/attitude setpoint seq=18471 a_des=[0.114 -0.073 -0.020] specific_force=[0.114 -0.073 9.787] collective=9.788 m/s^2 tilt=0.014 rad mode=tracking
[mpc_controller_node-3] [INFO] [1789643538.256404177] [mpc_controller_node]: MPC update seq=18567 measured_x0=[p -0.155 0.076 0.951 v -0.007 0.015 0.026 a_hat 0.072 -0.056 0.006 a_raw 0.002 -0.020 0.006] u=[0.143 -0.100 0.007] ref_age=12.0 ms state_age=8.2 ms solve=2.563 ms mean=3.428 ms max=49.375 ms coupled_valid=true tilt_max=0.018 thrust_max=9.818
[mpc_controller_node-3] [WARN] [1789643538.372241173] [mpc_controller_node]: Coupled shadow admission reset: valid=true deadline=false status=0 iter=10 solve=18.274 ms primal=6.59e-17/0.000472 dual=3.39e-05/0.0003 violation=1.28e-19 tilt=0.018 thrust=9.806 samples=250
[mpc_controller_node-3] [INFO] [1789643538.374557207] [mpc_controller_node]: Force/attitude setpoint seq=18572 a_des=[0.143 -0.097 -0.020] specific_force=[0.143 -0.097 9.786] collective=9.788 m/s^2 tilt=0.018 rad mode=tracking
[vehicle_state_bridge_node-2] [INFO] [1789643539.024813639] [vehicle_state_bridge_node]: VehicleState timing: published=18611 timestamp_reject=0 clock_switch=54 stale_reject=662 skew_reject=15 age_ms[pos att ang]=[1.7 1.7 1.8] gap_mean_ms[pos att ang]=[22.61 11.32 11.32] gap_max_ms[pos att ang]=[337.19 337.21 329.79] sample_skew_ms=8.000
[mpc_controller_node-3] [INFO] [1789643540.275811547] [mpc_controller_node]: MPC update seq=18668 measured_x0=[p -0.151 0.087 0.990 v -0.008 0.002 0.023 a_hat 0.072 -0.045 -0.051 a_raw 0.012 -0.015 -0.051] u=[0.143 -0.075 -0.040] ref_age=12.6 ms state_age=8.1 ms solve=2.269 ms mean=3.427 ms max=49.375 ms coupled_valid=true tilt_max=0.017 thrust_max=9.807
[mpc_controller_node-3] [INFO] [1789643540.375664945] [mpc_controller_node]: Force/attitude setpoint seq=18673 a_des=[0.145 -0.068 -0.024] specific_force=[0.145 -0.068 9.783] collective=9.784 m/s^2 tilt=0.016 rad mode=tracking
[mpc_controller_node-3] [INFO] [1789643542.275840136] [mpc_controller_node]: MPC update seq=18768 measured_x0=[p -0.166 0.080 0.952 v -0.000 0.000 0.022 a_hat 0.060 -0.037 0.022 a_raw -0.006 -0.010 0.022] u=[0.138 -0.064 0.017] ref_age=12.7 ms state_age=7.9 ms solve=2.177 ms mean=3.426 ms max=49.375 ms coupled_valid=true tilt_max=0.016 thrust_max=9.830
[mpc_controller_node-3] [INFO] [1789643542.376096370] [mpc_controller_node]: Force/attitude setpoint seq=18773 a_des=[0.141 -0.062 0.016] specific_force=[0.141 -0.062 9.822] collective=9.824 m/s^2 tilt=0.016 rad mode=tracking
[vehicle_state_bridge_node-2] [INFO] [1789643544.024823867] [vehicle_state_bridge_node]: VehicleState timing: published=18861 timestamp_reject=0 clock_switch=54 stale_reject=662 skew_reject=15 age_ms[pos att ang]=[8.1 8.1 6.5] gap_mean_ms[pos att ang]=[22.60 11.31 11.31] gap_max_ms[pos att ang]=[337.19 337.21 329.79] sample_skew_ms=4.000
[mpc_controller_node-3] [INFO] [1789643544.276378474] [mpc_controller_node]: MPC update seq=18868 measured_x0=[p -0.175 0.089 0.994 v 0.002 -0.002 0.006 a_hat 0.072 -0.034 -0.011 a_raw 0.011 0.002 -0.011] u=[0.137 -0.066 -0.007] ref_age=13.4 ms state_age=8.9 ms solve=1.788 ms mean=3.422 ms max=49.375 ms coupled_valid=true tilt_max=0.016 thrust_max=9.807
[mpc_controller_node-3] [INFO] [1789643544.396797844] [mpc_controller_node]: Force/attitude setpoint seq=18874 a_des=[0.135 -0.068 -0.003] specific_force=[0.135 -0.068 9.804] collective=9.805 m/s^2 tilt=0.015 rad mode=tracking
[vehicle_state_bridge_node-2] [WARN] [1789643545.086079398] [vehicle_state_bridge_node]: VehicleState not published: reason=SAMPLE_SKEW pos_age=19.972 ms att_age=18.601 ms ang_age=18.626 ms sample_skew=1246.467 ms
[mpc_controller_node-3] [INFO] [1789643546.295941789] [mpc_controller_node]: MPC update seq=18969 measured_x0=[p -0.167 0.076 1.035 v 0.002 -0.008 -0.005 a_hat 0.067 -0.018 -0.033 a_raw 0.003 0.011 -0.033] u=[0.131 -0.043 -0.036] ref_age=10.5 ms state_age=5.5 ms solve=2.032 ms mean=3.420 ms max=49.375 ms coupled_valid=true tilt_max=0.014 thrust_max=9.819
[mpc_controller_node-3] [INFO] [1789643546.399398463] [mpc_controller_node]: Force/attitude setpoint seq=18974 a_des=[0.131 -0.043 -0.039] specific_force=[0.131 -0.043 9.768] collective=9.769 m/s^2 tilt=0.014 rad mode=tracking
[mpc_controller_node-3] [INFO] [1789643548.297363910] [mpc_controller_node]: MPC update seq=19069 measured_x0=[p -0.185 0.083 1.079 v 0.009 -0.010 -0.039 a_hat 0.070 -0.013 -0.016 a_raw 0.002 0.026 -0.016] u=[0.125 -0.045 -0.019] ref_age=13.6 ms state_age=7.4 ms solve=2.418 ms mean=3.414 ms max=49.375 ms coupled_valid=true tilt_max=0.014 thrust_max=9.833
[mpc_controller_node-3] [INFO] [1789643548.418437599] [mpc_controller_node]: Force/attitude setpoint seq=19075 a_des=[0.122 -0.050 -0.017] specific_force=[0.122 -0.050 9.789] collective=9.790 m/s^2 tilt=0.013 rad mode=tracking
[vehicle_state_bridge_node-2] [INFO] [1789643549.044709646] [vehicle_state_bridge_node]: VehicleState timing: published=19111 timestamp_reject=0 clock_switch=54 stale_reject=662 skew_reject=16 age_ms[pos att ang]=[8.2 8.3 8.3] gap_mean_ms[pos att ang]=[22.58 11.30 11.30] gap_max_ms[pos att ang]=[337.19 337.21 329.79] sample_skew_ms=0.000
[mpc_controller_node-3] [INFO] [1789643550.319086723] [mpc_controller_node]: MPC update seq=19170 measured_x0=[p -0.178 0.097 1.055 v -0.007 -0.002 -0.042 a_hat 0.082 -0.031 0.024 a_raw 0.017 0.001 0.024] u=[0.163 -0.075 0.019] ref_age=10.2 ms state_age=7.4 ms solve=5.350 ms mean=3.411 ms max=49.375 ms coupled_valid=true tilt_max=0.019 thrust_max=9.835
[mpc_controller_node-3] [INFO] [1789643550.436299287] [mpc_controller_node]: Force/attitude setpoint seq=19176 a_des=[0.164 -0.085 0.016] specific_force=[0.164 -0.085 9.823] collective=9.824 m/s^2 tilt=0.019 rad mode=tracking
[mpc_controller_node-3] [INFO] [1789643552.336185062] [mpc_controller_node]: MPC update seq=19271 measured_x0=[p -0.184 0.106 1.053 v 0.008 -0.005 -0.029 a_hat 0.063 -0.032 0.001 a_raw -0.002 0.005 0.001] u=[0.131 -0.075 -0.007] ref_age=11.2 ms state_age=8.2 ms solve=2.353 ms mean=3.406 ms max=49.375 ms coupled_valid=true tilt_max=0.016 thrust_max=9.825
[mpc_controller_node-3] [INFO] [1789643552.436707587] [mpc_controller_node]: Force/attitude setpoint seq=19276 a_des=[0.130 -0.082 -0.004] specific_force=[0.130 -0.082 9.803] collective=9.804 m/s^2 tilt=0.016 rad mode=tracking
[vehicle_state_bridge_node-2] [INFO] [1789643554.046762646] [vehicle_state_bridge_node]: VehicleState timing: published=19361 timestamp_reject=0 clock_switch=54 stale_reject=662 skew_reject=16 age_ms[pos att ang]=[20.2 5.4 5.4] gap_mean_ms[pos att ang]=[22.55 11.28 11.28] gap_max_ms[pos att ang]=[337.19 337.21 329.79] sample_skew_ms=16.000
[mpc_controller_node-3] [INFO] [1789643554.338793760] [mpc_controller_node]: MPC update seq=19371 measured_x0=[p -0.187 0.085 1.026 v 0.002 -0.004 -0.023 a_hat 0.074 -0.025 0.023 a_raw 0.006 0.007 0.023] u=[0.147 -0.061 0.017] ref_age=12.1 ms state_age=4.1 ms solve=4.940 ms mean=3.403 ms max=49.375 ms coupled_valid=true tilt_max=0.016 thrust_max=9.831
[mpc_controller_node-3] [INFO] [1789643554.457256442] [mpc_controller_node]: Force/attitude setpoint seq=19377 a_des=[0.145 -0.059 0.015] specific_force=[0.145 -0.059 9.822] collective=9.823 m/s^2 tilt=0.016 rad mode=tracking
[mpc_controller_node-3] [INFO] [1789643556.340587790] [mpc_controller_node]: MPC update seq=19471 measured_x0=[p -0.168 0.069 1.012 v 0.006 0.007 -0.005 a_hat 0.062 -0.027 0.002 a_raw -0.001 0.011 0.002] u=[0.122 -0.078 -0.005] ref_age=13.4 ms state_age=10.2 ms solve=2.218 ms mean=3.398 ms max=49.375 ms coupled_valid=true tilt_max=0.015 thrust_max=9.811
[mpc_controller_node-3] [INFO] [1789643556.476845628] [mpc_controller_node]: Force/attitude setpoint seq=19478 a_des=[0.118 -0.081 -0.004] specific_force=[0.118 -0.081 9.803] collective=9.804 m/s^2 tilt=0.015 rad mode=tracking
[mpc_controller_node-3] [INFO] [1789643558.360546947] [mpc_controller_node]: MPC update seq=19572 measured_x0=[p -0.145 0.081 1.040 v -0.008 0.003 -0.010 a_hat 0.066 -0.050 -0.041 a_raw 0.005 -0.024 -0.041] u=[0.139 -0.069 -0.033] ref_age=11.4 ms state_age=8.5 ms solve=5.490 ms mean=3.396 ms max=49.375 ms coupled_valid=true tilt_max=0.016 thrust_max=9.821
[mpc_controller_node-3] [INFO] [1789643558.477103961] [mpc_controller_node]: Force/attitude setpoint seq=19578 a_des=[0.139 -0.066 -0.031] specific_force=[0.139 -0.066 9.776] collective=9.777 m/s^2 tilt=0.016 rad mode=tracking
[vehicle_state_bridge_node-2] [INFO] [1789643559.064899706] [vehicle_state_bridge_node]: VehicleState timing: published=19612 timestamp_reject=0 clock_switch=54 stale_reject=662 skew_reject=16 age_ms[pos att ang]=[12.3 10.6 10.6] gap_mean_ms[pos att ang]=[22.54 11.28 11.28] gap_max_ms[pos att ang]=[337.19 337.21 329.79] sample_skew_ms=8.000
[mpc_controller_node-3] [INFO] [1789643560.376627092] [mpc_controller_node]: MPC update seq=19673 measured_x0=[p -0.144 0.056 1.055 v -0.002 -0.002 -0.029 a_hat 0.052 0.000 -0.012 a_raw -0.019 0.034 -0.012] u=[0.125 -0.045 -0.009] ref_age=12.7 ms state_age=6.3 ms solve=2.497 ms mean=3.393 ms max=49.375 ms coupled_valid=true tilt_max=0.014 thrust_max=9.825
[mpc_controller_node-3] [INFO] [1789643560.480104259] [mpc_controller_node]: Force/attitude setpoint seq=19678 a_des=[0.130 -0.055 -0.010] specific_force=[0.130 -0.055 9.797] collective=9.798 m/s^2 tilt=0.014 rad mode=tracking
[vehicle_state_bridge_node-2] [WARN] [1789643561.584717492] [vehicle_state_bridge_node]: VehicleState not published: reason=SAMPLE_SKEW pos_age=15.305 ms att_age=8.463 ms ang_age=8.490 ms sample_skew=1789643198409.367 ms
[mpc_controller_node-3] [INFO] [1789643562.397851919] [mpc_controller_node]: MPC update seq=19774 measured_x0=[p -0.152 0.071 1.064 v -0.001 0.003 -0.033 a_hat 0.059 -0.035 -0.016 a_raw -0.003 0.000 -0.016] u=[0.129 -0.065 -0.013] ref_age=9.6 ms state_age=3.1 ms solve=2.534 ms mean=3.391 ms max=49.375 ms coupled_valid=true tilt_max=0.015 thrust_max=9.828
[mpc_controller_node-3] [INFO] [1789643562.503656370] [mpc_controller_node]: Force/attitude setpoint seq=19779 a_des=[0.133 -0.064 -0.011] specific_force=[0.133 -0.064 9.795] collective=9.796 m/s^2 tilt=0.015 rad mode=tracking
[vehicle_state_bridge_node-2] [INFO] [1789643564.084871272] [vehicle_state_bridge_node]: VehicleState timing: published=19862 timestamp_reject=0 clock_switch=56 stale_reject=662 skew_reject=17 age_ms[pos att ang]=[30.3 9.4 13.2] gap_mean_ms[pos att ang]=[22.53 11.28 11.28] gap_max_ms[pos att ang]=[337.19 337.21 329.79] sample_skew_ms=12.000
[mpc_controller_node-3] [INFO] [1789643564.416974356] [mpc_controller_node]: MPC update seq=19875 measured_x0=[p -0.159 0.076 1.063 v 0.000 0.008 -0.050 a_hat 0.060 -0.043 0.007 a_raw -0.009 -0.011 0.007] u=[0.130 -0.082 0.027] ref_age=12.5 ms state_age=8.3 ms solve=3.351 ms mean=3.393 ms max=49.375 ms coupled_valid=true tilt_max=0.016 thrust_max=9.848
[mpc_controller_node-3] [INFO] [1789643564.516445054] [mpc_controller_node]: Force/attitude setpoint seq=19880 a_des=[0.129 -0.083 0.039] specific_force=[0.129 -0.083 9.845] collective=9.847 m/s^2 tilt=0.016 rad mode=tracking
[mpc_controller_node-3] [INFO] [1789643566.436370581] [mpc_controller_node]: MPC update seq=19976 measured_x0=[p -0.181 0.104 0.960 v -0.000 -0.006 0.011 a_hat 0.079 -0.042 0.032 a_raw 0.006 -0.010 0.032] u=[0.147 -0.067 0.031] ref_age=12.5 ms state_age=7.6 ms solve=2.704 ms mean=3.391 ms max=49.375 ms coupled_valid=true tilt_max=0.017 thrust_max=9.850
[mpc_controller_node-3] [INFO] [1789643566.523722843] [mpc_controller_node]: Force/attitude setpoint seq=19980 a_des=[0.144 -0.065 0.029] specific_force=[0.144 -0.065 9.836] collective=9.837 m/s^2 tilt=0.016 rad mode=tracking
[mpc_controller_node-3] [WARN] [1789643567.926516051] [mpc_controller_node]: Coupled shadow admission reset: valid=true deadline=false status=0 iter=10 solve=27.378 ms primal=5.89e-17/0.000478 dual=3.73e-05/0.0003 violation=1.82e-19 tilt=0.019 thrust=9.806 samples=250
[mpc_controller_node-3] [INFO] [1789643568.436554329] [mpc_controller_node]: MPC update seq=20076 measured_x0=[p -0.181 0.132 0.973 v 0.004 -0.012 0.024 a_hat 0.076 -0.042 -0.019 a_raw 0.018 -0.003 -0.019] u=[0.135 -0.074 -0.016] ref_age=10.7 ms state_age=7.9 ms solve=2.709 ms mean=3.393 ms max=49.375 ms coupled_valid=true tilt_max=0.016 thrust_max=9.806
[mpc_controller_node-3] [INFO] [1789643568.536212066] [mpc_controller_node]: Force/attitude setpoint seq=20081 a_des=[0.127 -0.074 -0.017] specific_force=[0.127 -0.074 9.790] collective=9.791 m/s^2 tilt=0.015 rad mode=tracking
[vehicle_state_bridge_node-2] [INFO] [1789643569.105192224] [vehicle_state_bridge_node]: VehicleState timing: published=20113 timestamp_reject=0 clock_switch=56 stale_reject=662 skew_reject=17 age_ms[pos att ang]=[19.4 15.7 15.7] gap_mean_ms[pos att ang]=[22.53 11.28 11.28] gap_max_ms[pos att ang]=[337.19 337.21 329.79] sample_skew_ms=20.000
[mpc_controller_node-3] [INFO] [1789643570.455585963] [mpc_controller_node]: MPC update seq=20177 measured_x0=[p -0.151 0.080 1.009 v -0.004 -0.011 0.003 a_hat 0.067 -0.013 -0.017 a_raw 0.003 0.028 -0.017] u=[0.135 -0.039 -0.018] ref_age=12.4 ms state_age=8.1 ms solve=1.827 ms mean=3.391 ms max=49.375 ms coupled_valid=true tilt_max=0.015 thrust_max=9.810
[mpc_controller_node-3] [INFO] [1789643570.556603721] [mpc_controller_node]: Force/attitude setpoint seq=20182 a_des=[0.134 -0.035 -0.023] specific_force=[0.134 -0.035 9.783] collective=9.784 m/s^2 tilt=0.014 rad mode=tracking
[mpc_controller_node-3] [INFO] [1789643572.457070160] [mpc_controller_node]: MPC update seq=20277 measured_x0=[p -0.149 0.053 1.058 v -0.007 0.006 -0.027 a_hat 0.062 -0.032 -0.019 a_raw -0.010 -0.003 -0.019] u=[0.140 -0.059 -0.019] ref_age=9.8 ms state_age=8.2 ms solve=2.773 ms mean=3.388 ms max=49.375 ms coupled_valid=true tilt_max=0.016 thrust_max=9.826
[mpc_controller_node-3] [INFO] [1789643572.557129530] [mpc_controller_node]: Force/attitude setpoint seq=20282 a_des=[0.144 -0.059 -0.016] specific_force=[0.144 -0.059 9.791] collective=9.792 m/s^2 tilt=0.016 rad mode=tracking
[vehicle_state_bridge_node-2] [INFO] [1789643574.124612425] [vehicle_state_bridge_node]: VehicleState timing: published=20364 timestamp_reject=0 clock_switch=56 stale_reject=662 skew_reject=17 age_ms[pos att ang]=[5.4 1.2 1.2] gap_mean_ms[pos att ang]=[22.52 11.27 11.27] gap_max_ms[pos att ang]=[337.19 337.21 329.79] sample_skew_ms=8.000
[mpc_controller_node-3] [INFO] [1789643574.459056153] [mpc_controller_node]: MPC update seq=20377 measured_x0=[p -0.161 0.086 1.105 v -0.004 -0.000 -0.045 a_hat 0.068 -0.047 -0.051 a_raw 0.007 -0.021 -0.051] u=[0.143 -0.065 -0.042] ref_age=12.1 ms state_age=7.5 ms solve=5.230 ms mean=3.385 ms max=49.375 ms coupled_valid=true tilt_max=0.016 thrust_max=9.842
[mpc_controller_node-3] [INFO] [1789643574.575061402] [mpc_controller_node]: Force/attitude setpoint seq=20383 a_des=[0.143 -0.057 -0.030] specific_force=[0.143 -0.057 9.777] collective=9.778 m/s^2 tilt=0.016 rad mode=tracking
[mpc_controller_node-3] [INFO] [1789643576.475882834] [mpc_controller_node]: MPC update seq=20478 measured_x0=[p -0.172 0.088 1.070 v 0.002 0.001 -0.037 a_hat 0.076 -0.035 -0.009 a_raw 0.009 -0.001 -0.009] u=[0.133 -0.074 -0.012] ref_age=12.1 ms state_age=8.0 ms solve=2.297 ms mean=3.381 ms max=49.375 ms coupled_valid=true tilt_max=0.016 thrust_max=9.830
[mpc_controller_node-3] [INFO] [1789643576.577777978] [mpc_controller_node]: Force/attitude setpoint seq=20483 a_des=[0.127 -0.076 -0.012] specific_force=[0.127 -0.076 9.794] collective=9.796 m/s^2 tilt=0.015 rad mode=tracking
[mpc_controller_node-3] [INFO] [1789643578.476549295] [mpc_controller_node]: MPC update seq=20578 measured_x0=[p -0.184 0.103 1.074 v 0.000 -0.009 -0.036 a_hat 0.075 -0.032 -0.034 a_raw 0.005 -0.005 -0.034] u=[0.149 -0.060 -0.020] ref_age=11.5 ms state_age=7.7 ms solve=2.768 ms mean=3.377 ms max=49.375 ms coupled_valid=true tilt_max=0.017 thrust_max=9.832
[mpc_controller_node-3] [INFO] [1789643578.599834503] [mpc_controller_node]: Force/attitude setpoint seq=20584 a_des=[0.144 -0.056 -0.022] specific_force=[0.144 -0.056 9.784] collective=9.786 m/s^2 tilt=0.016 rad mode=tracking
[vehicle_state_bridge_node-2] [INFO] [1789643579.126310650] [vehicle_state_bridge_node]: VehicleState timing: published=20614 timestamp_reject=0 clock_switch=58 stale_reject=662 skew_reject=17 age_ms[pos att ang]=[19.0 5.5 5.5] gap_mean_ms[pos att ang]=[22.50 11.26 11.26] gap_max_ms[pos att ang]=[337.19 337.21 329.79] sample_skew_ms=28.000
[mpc_controller_node-3] [WARN] [1789643579.315072873] [mpc_controller_node]: Coupled shadow admission reset: valid=true deadline=false status=0 iter=10 solve=21.190 ms primal=3.93e-17/0.000423 dual=4.18e-05/0.0003 violation=1.16e-19 tilt=0.013 thrust=9.835 samples=250
[mpc_controller_node-3] [INFO] [1789643580.476613138] [mpc_controller_node]: MPC update seq=20678 measured_x0=[p -0.173 0.071 1.140 v 0.002 0.008 -0.006 a_hat 0.070 -0.035 -0.211 a_raw 0.001 0.003 -0.211] u=[0.136 -0.080 -0.185] ref_age=11.8 ms state_age=8.2 ms solve=2.990 ms mean=3.379 ms max=49.375 ms coupled_valid=true tilt_max=0.017 thrust_max=9.859
[mpc_controller_node-3] [INFO] [1789643580.619659320] [mpc_controller_node]: Force/attitude setpoint seq=20685 a_des=[0.137 -0.081 -0.153] specific_force=[0.137 -0.081 9.654] collective=9.655 m/s^2 tilt=0.017 rad mode=tracking
[mpc_controller_node-3] [INFO] [1789643582.476698602] [mpc_controller_node]: MPC update seq=20778 measured_x0=[p -0.165 0.062 0.951 v 0.003 0.007 -0.006 a_hat 0.057 -0.023 0.081 a_raw -0.008 0.003 0.081] u=[0.130 -0.071 0.083] ref_age=13.0 ms state_age=7.5 ms solve=2.629 ms mean=3.376 ms max=49.375 ms coupled_valid=true tilt_max=0.015 thrust_max=9.919
[mpc_controller_node-3] [INFO] [1789643582.621322714] [mpc_controller_node]: Force/attitude setpoint seq=20785 a_des=[0.130 -0.075 0.078] specific_force=[0.130 -0.075 9.885] collective=9.886 m/s^2 tilt=0.015 rad mode=tracking
[vehicle_state_bridge_node-2] [INFO] [1789643584.144755364] [vehicle_state_bridge_node]: VehicleState timing: published=20865 timestamp_reject=0 clock_switch=58 stale_reject=662 skew_reject=17 age_ms[pos att ang]=[3.5 9.1 9.1] gap_mean_ms[pos att ang]=[22.50 11.26 11.26] gap_max_ms[pos att ang]=[337.19 337.21 329.79] sample_skew_ms=12.000
[mpc_controller_node-3] [INFO] [1789643584.497218751] [mpc_controller_node]: MPC update seq=20879 measured_x0=[p -0.151 0.100 0.916 v 0.002 -0.005 0.034 a_hat 0.052 -0.047 0.023 a_raw -0.010 -0.015 0.023] u=[0.119 -0.066 0.037] ref_age=13.1 ms state_age=8.5 ms solve=2.496 ms mean=3.373 ms max=49.375 ms coupled_valid=true tilt_max=0.014 thrust_max=9.858
[mpc_controller_node-3] [INFO] [1789643584.635805498] [mpc_controller_node]: Force/attitude setpoint seq=20886 a_des=[0.125 -0.058 0.049] specific_force=[0.125 -0.058 9.855] collective=9.856 m/s^2 tilt=0.014 rad mode=tracking
[mpc_controller_node-3] [INFO] [1789643586.516204709] [mpc_controller_node]: MPC update seq=20980 measured_x0=[p -0.181 0.101 0.899 v -0.004 0.003 0.055 a_hat 0.077 -0.051 0.010 a_raw 0.014 -0.011 0.010] u=[0.159 -0.086 0.014] ref_age=12.1 ms state_age=8.0 ms solve=2.345 ms mean=3.368 ms max=49.375 ms coupled_valid=true tilt_max=0.019 thrust_max=9.826
[mpc_controller_node-3] [INFO] [1789643586.636025608] [mpc_controller_node]: Force/attitude setpoint seq=20986 a_des=[0.157 -0.080 0.011] specific_force=[0.157 -0.080 9.817] collective=9.819 m/s^2 tilt=0.018 rad mode=tracking
[mpc_controller_node-3] [INFO] [1789643588.535407283] [mpc_controller_node]: MPC update seq=21081 measured_x0=[p -0.165 0.103 0.951 v -0.000 -0.007 0.040 a_hat 0.066 -0.037 -0.023 a_raw 0.000 -0.009 -0.023] u=[0.136 -0.065 -0.024] ref_age=12.5 ms state_age=7.9 ms solve=1.850 ms mean=3.364 ms max=49.375 ms coupled_valid=true tilt_max=0.016 thrust_max=9.806
[mpc_controller_node-3] [INFO] [1789643588.636027231] [mpc_controller_node]: Force/attitude setpoint seq=21086 a_des=[0.137 -0.054 -0.023] specific_force=[0.137 -0.054 9.784] collective=9.785 m/s^2 tilt=0.015 rad mode=tracking
[vehicle_state_bridge_node-2] [INFO] [1789643589.164680893] [vehicle_state_bridge_node]: VehicleState timing: published=21116 timestamp_reject=0 clock_switch=58 stale_reject=662 skew_reject=17 age_ms[pos att ang]=[3.7 10.1 10.1] gap_mean_ms[pos att ang]=[22.47 11.25 11.25] gap_max_ms[pos att ang]=[337.19 337.21 329.79] sample_skew_ms=12.000
[mpc_controller_node-3] [INFO] [1789643590.537025924] [mpc_controller_node]: MPC update seq=21181 measured_x0=[p -0.162 0.081 1.009 v 0.000 -0.002 0.007 a_hat 0.063 -0.036 -0.030 a_raw -0.002 -0.012 -0.030] u=[0.133 -0.060 -0.028] ref_age=13.0 ms state_age=9.1 ms solve=2.568 ms mean=3.362 ms max=49.375 ms coupled_valid=true tilt_max=0.015 thrust_max=9.811
[mpc_controller_node-3] [INFO] [1789643590.655319969] [mpc_controller_node]: Force/attitude setpoint seq=21187 a_des=[0.130 -0.059 -0.030] specific_force=[0.130 -0.059 9.777] collective=9.778 m/s^2 tilt=0.015 rad mode=tracking
[mpc_controller_node-3] [INFO] [1789643592.537860845] [mpc_controller_node]: MPC update seq=21281 measured_x0=[p -0.190 0.069 1.055 v -0.003 0.009 -0.021 a_hat 0.094 -0.038 -0.029 a_raw 0.026 -0.010 -0.029] u=[0.160 -0.079 -0.028] ref_age=12.8 ms state_age=7.2 ms solve=3.991 ms mean=3.361 ms max=49.375 ms coupled_valid=true tilt_max=0.018 thrust_max=9.825
[mpc_controller_node-3] [INFO] [1789643592.655754702] [mpc_controller_node]: Force/attitude setpoint seq=21287 a_des=[0.148 -0.078 -0.028] specific_force=[0.148 -0.078 9.778] collective=9.780 m/s^2 tilt=0.017 rad mode=tracking
[vehicle_state_bridge_node-2] [INFO] [1789643594.164778179] [vehicle_state_bridge_node]: VehicleState timing: published=21366 timestamp_reject=0 clock_switch=60 stale_reject=662 skew_reject=17 age_ms[pos att ang]=[17.6 1.8 6.3] gap_mean_ms[pos att ang]=[22.45 11.24 11.24] gap_max_ms[pos att ang]=[337.19 337.21 329.79] sample_skew_ms=16.000
[mpc_controller_node-3] [INFO] [1789643594.555592696] [mpc_controller_node]: MPC update seq=21382 measured_x0=[p -0.142 0.114 1.090 v 0.002 0.004 -0.034 a_hat 0.038 -0.054 -0.045 a_raw -0.023 -0.018 -0.045] u=[0.117 -0.102 -0.046] ref_age=12.6 ms state_age=8.5 ms solve=1.732 ms mean=3.356 ms max=49.375 ms coupled_valid=true tilt_max=0.016 thrust_max=9.837
[mpc_controller_node-3] [INFO] [1789643594.655758294] [mpc_controller_node]: Force/attitude setpoint seq=21387 a_des=[0.126 -0.106 -0.046] specific_force=[0.126 -0.106 9.760] collective=9.762 m/s^2 tilt=0.017 rad mode=tracking
[mpc_controller_node-3] [INFO] [1789643596.555819992] [mpc_controller_node]: MPC update seq=21482 measured_x0=[p -0.170 0.090 1.089 v -0.002 -0.011 -0.048 a_hat 0.066 -0.010 -0.018 a_raw -0.007 0.028 -0.018] u=[0.146 -0.047 -0.013] ref_age=12.4 ms state_age=6.3 ms solve=1.900 ms mean=3.353 ms max=49.375 ms coupled_valid=true tilt_max=0.016 thrust_max=9.837
[mpc_controller_node-3] [INFO] [1789643596.656873503] [mpc_controller_node]: Force/attitude setpoint seq=21487 a_des=[0.147 -0.050 -0.014] specific_force=[0.147 -0.050 9.793] collective=9.794 m/s^2 tilt=0.016 rad mode=tracking
[mpc_controller_node-3] [INFO] [1789643598.575177478] [mpc_controller_node]: MPC update seq=21583 measured_x0=[p -0.157 0.094 1.134 v 0.004 -0.008 -0.055 a_hat 0.051 -0.031 -0.077 a_raw -0.009 0.003 -0.077] u=[0.119 -0.056 -0.060] ref_age=11.5 ms state_age=7.7 ms solve=1.647 ms mean=3.349 ms max=49.375 ms coupled_valid=true tilt_max=0.014 thrust_max=9.852
[mpc_controller_node-3] [INFO] [1789643598.676337563] [mpc_controller_node]: Force/attitude setpoint seq=21588 a_des=[0.118 -0.051 -0.048] specific_force=[0.118 -0.051 9.758] collective=9.759 m/s^2 tilt=0.013 rad mode=tracking
[vehicle_state_bridge_node-2] [INFO] [1789643599.184966939] [vehicle_state_bridge_node]: VehicleState timing: published=21617 timestamp_reject=0 clock_switch=60 stale_reject=662 skew_reject=17 age_ms[pos att ang]=[15.8 2.0 2.1] gap_mean_ms[pos att ang]=[22.42 11.22 11.22] gap_max_ms[pos att ang]=[337.19 337.21 329.79] sample_skew_ms=20.000
[mpc_controller_node-3] [INFO] [1789643600.576924739] [mpc_controller_node]: MPC update seq=21683 measured_x0=[p -0.188 0.068 1.087 v 0.003 -0.005 -0.048 a_hat 0.085 -0.017 -0.020 a_raw 0.024 0.016 -0.020] u=[0.141 -0.044 -0.012] ref_age=12.3 ms state_age=2.0 ms solve=3.338 ms mean=3.349 ms max=49.375 ms coupled_valid=true tilt_max=0.015 thrust_max=9.836
[mpc_controller_node-3] [INFO] [1789643600.677113915] [mpc_controller_node]: Force/attitude setpoint seq=21688 a_des=[0.140 -0.044 -0.002] specific_force=[0.140 -0.044 9.805] collective=9.806 m/s^2 tilt=0.015 rad mode=tracking
[mpc_controller_node-3] [WARN] [1789643601.373403385] [mpc_controller_node]: Coupled shadow admission reset: valid=true deadline=false status=0 iter=10 solve=18.181 ms primal=5.89e-17/0.000468 dual=3.96e-05/0.0003 violation=1.18e-19 tilt=0.018 thrust=9.846 samples=250
[mpc_controller_node-3] [INFO] [1789643602.597530875] [mpc_controller_node]: MPC update seq=21784 measured_x0=[p -0.193 0.070 1.052 v 0.013 0.006 -0.023 a_hat 0.052 -0.035 -0.018 a_raw -0.015 -0.008 -0.018] u=[0.126 -0.072 -0.021] ref_age=12.7 ms state_age=9.4 ms solve=2.677 ms mean=3.349 ms max=49.375 ms coupled_valid=true tilt_max=0.015 thrust_max=9.824
[mpc_controller_node-3] [INFO] [1789643602.696100747] [mpc_controller_node]: Force/attitude setpoint seq=21789 a_des=[0.129 -0.074 -0.014] specific_force=[0.129 -0.074 9.792] collective=9.793 m/s^2 tilt=0.015 rad mode=tracking
[vehicle_state_bridge_node-2] [INFO] [1789643604.204631306] [vehicle_state_bridge_node]: VehicleState timing: published=21868 timestamp_reject=0 clock_switch=60 stale_reject=662 skew_reject=17 age_ms[pos att ang]=[7.1 0.8 7.2] gap_mean_ms[pos att ang]=[22.43 11.23 11.23] gap_max_ms[pos att ang]=[337.19 337.21 329.79] sample_skew_ms=8.000
[mpc_controller_node-3] [INFO] [1789643604.616167194] [mpc_controller_node]: MPC update seq=21885 measured_x0=[p -0.184 0.103 1.055 v 0.005 -0.005 -0.006 a_hat 0.060 -0.041 -0.075 a_raw -0.010 -0.015 -0.075] u=[0.139 -0.070 -0.065] ref_age=12.0 ms state_age=8.8 ms solve=2.197 ms mean=3.347 ms max=49.375 ms coupled_valid=true tilt_max=0.016 thrust_max=9.827
[mpc_controller_node-3] [INFO] [1789643604.716576645] [mpc_controller_node]: Force/attitude setpoint seq=21890 a_des=[0.140 -0.069 -0.043] specific_force=[0.140 -0.069 9.763] collective=9.764 m/s^2 tilt=0.016 rad mode=tracking
[mpc_controller_node-3] [INFO] [1789643606.618765450] [mpc_controller_node]: MPC update seq=21985 measured_x0=[p -0.177 0.097 0.991 v 0.007 -0.002 -0.000 a_hat 0.070 -0.042 0.006 a_raw -0.000 -0.007 0.006] u=[0.125 -0.075 0.014] ref_age=13.4 ms state_age=9.0 ms solve=4.219 ms mean=3.344 ms max=49.375 ms coupled_valid=true tilt_max=0.015 thrust_max=9.826
[mpc_controller_node-3] [INFO] [1789643606.716974570] [mpc_controller_node]: Force/attitude setpoint seq=21990 a_des=[0.120 -0.069 0.011] specific_force=[0.120 -0.069 9.818] collective=9.819 m/s^2 tilt=0.014 rad mode=tracking
[mpc_controller_node-3] [INFO] [1789643608.635516745] [mpc_controller_node]: MPC update seq=22086 measured_x0=[p -0.146 0.070 0.964 v -0.001 0.001 -0.004 a_hat 0.054 -0.028 0.050 a_raw -0.011 0.009 0.050] u=[0.123 -0.060 0.060] ref_age=12.2 ms state_age=7.7 ms solve=1.830 ms mean=3.342 ms max=49.375 ms coupled_valid=true tilt_max=0.014 thrust_max=9.890
[mpc_controller_node-3] [INFO] [1789643608.737494459] [mpc_controller_node]: Force/attitude setpoint seq=22091 a_des=[0.122 -0.060 0.060] specific_force=[0.122 -0.060 9.867] collective=9.868 m/s^2 tilt=0.014 rad mode=tracking
[vehicle_state_bridge_node-2] [INFO] [1789643609.204628811] [vehicle_state_bridge_node]: VehicleState timing: published=22118 timestamp_reject=0 clock_switch=60 stale_reject=662 skew_reject=17 age_ms[pos att ang]=[4.3 1.3 4.3] gap_mean_ms[pos att ang]=[22.41 11.22 11.22] gap_max_ms[pos att ang]=[337.19 337.21 329.79] sample_skew_ms=8.000
[mpc_controller_node-3] [INFO] [1789643610.639000530] [mpc_controller_node]: MPC update seq=22186 measured_x0=[p -0.168 0.053 0.944 v -0.006 0.008 0.039 a_hat 0.075 -0.028 0.002 a_raw 0.009 -0.002 0.002] u=[0.153 -0.065 -0.011] ref_age=14.1 ms state_age=10.1 ms solve=2.672 ms mean=3.341 ms max=49.375 ms coupled_valid=true tilt_max=0.017 thrust_max=9.805
[mpc_controller_node-3] [INFO] [1789643610.761935089] [mpc_controller_node]: Force/attitude setpoint seq=22192 a_des=[0.156 -0.068 -0.014] specific_force=[0.156 -0.068 9.793] collective=9.794 m/s^2 tilt=0.017 rad mode=tracking
[vehicle_state_bridge_node-2] [WARN] [1789643611.506096029] [vehicle_state_bridge_node]: VehicleState not published: reason=SAMPLE_SKEW pos_age=13.818 ms att_age=3.559 ms ang_age=3.504 ms sample_skew=1789643202802.289 ms
[mpc_controller_node-3] [WARN] [1789643612.509871804] [mpc_controller_node]: Coupled shadow admission reset: valid=true deadline=false status=0 iter=10 solve=29.200 ms primal=4.95e-17/0.000456 dual=4.91e-05/0.0003 violation=1.68e-19 tilt=0.016 thrust=9.809 samples=250
[mpc_controller_node-3] [INFO] [1789643612.656694193] [mpc_controller_node]: MPC update seq=22286 measured_x0=[p -0.204 0.062 1.000 v 0.010 0.005 0.017 a_hat 0.069 -0.032 -0.050 a_raw 0.000 -0.004 -0.050] u=[0.140 -0.064 -0.040] ref_age=12.5 ms state_age=8.6 ms solve=2.236 ms mean=3.344 ms max=49.375 ms coupled_valid=true tilt_max=0.016 thrust_max=9.809
[mpc_controller_node-3] [INFO] [1789643612.776154909] [mpc_controller_node]: Force/attitude setpoint seq=22292 a_des=[0.138 -0.063 -0.034] specific_force=[0.138 -0.063 9.773] collective=9.774 m/s^2 tilt=0.016 rad mode=tracking
[vehicle_state_bridge_node-2] [INFO] [1789643614.205397275] [vehicle_state_bridge_node]: VehicleState timing: published=22366 timestamp_reject=0 clock_switch=66 stale_reject=662 skew_reject=19 age_ms[pos att ang]=[10.2 6.6 6.7] gap_mean_ms[pos att ang]=[22.43 11.23 11.23] gap_max_ms[pos att ang]=[337.19 337.21 329.79] sample_skew_ms=12.000
[mpc_controller_node-3] [INFO] [1789643614.662309339] [mpc_controller_node]: MPC update seq=22386 measured_x0=[p -0.180 0.101 0.983 v 0.008 -0.003 0.001 a_hat 0.059 -0.045 0.006 a_raw -0.012 -0.012 0.006] u=[0.128 -0.070 0.019] ref_age=8.7 ms state_age=2.3 ms solve=7.776 ms mean=3.347 ms max=49.375 ms coupled_valid=true tilt_max=0.015 thrust_max=9.836
[mpc_controller_node-3] [INFO] [1789643614.778810315] [mpc_controller_node]: Force/attitude setpoint seq=22392 a_des=[0.128 -0.071 0.006] specific_force=[0.128 -0.071 9.812] collective=9.813 m/s^2 tilt=0.015 rad mode=tracking
[mpc_controller_node-3] [INFO] [1789643616.680319821] [mpc_controller_node]: MPC update seq=22487 measured_x0=[p -0.172 0.104 0.942 v 0.007 -0.010 0.022 a_hat 0.058 -0.024 0.031 a_raw -0.005 0.012 0.031] u=[0.123 -0.060 0.029] ref_age=11.8 ms state_age=4.1 ms solve=5.229 ms mean=3.349 ms max=49.375 ms coupled_valid=true tilt_max=0.014 thrust_max=9.847
[mpc_controller_node-3] [INFO] [1789643616.810703430] [mpc_controller_node]: Force/attitude setpoint seq=22493 a_des=[0.120 -0.066 0.030] specific_force=[0.120 -0.066 9.836] collective=9.837 m/s^2 tilt=0.014 rad mode=tracking
[mpc_controller_node-3] [WARN] [1789643617.996106187] [mpc_controller_node]: Coupled shadow admission reset: valid=true deadline=false status=0 iter=10 solve=19.336 ms primal=7.42e-17/0.000452 dual=3.38e-05/0.0003 violation=1.05e-19 tilt=0.016 thrust=9.830 samples=226
[mpc_controller_node-3] [INFO] [1789643618.695699992] [mpc_controller_node]: MPC update seq=22588 measured_x0=[p -0.176 0.102 0.932 v -0.006 -0.010 0.035 a_hat 0.082 -0.027 0.027 a_raw 0.019 0.007 0.027] u=[0.157 -0.059 0.014] ref_age=28.4 ms state_age=24.2 ms solve=2.209 ms mean=3.352 ms max=49.375 ms coupled_valid=true tilt_max=0.017 thrust_max=9.826
[mpc_controller_node-3] [INFO] [1789643618.827243897] [mpc_controller_node]: Force/attitude setpoint seq=22592 a_des=[0.157 -0.059 0.014] specific_force=[0.157 -0.059 9.821] collective=9.822 m/s^2 tilt=0.017 rad mode=tracking
[vehicle_state_bridge_node-2] [INFO] [1789643619.210491352] [vehicle_state_bridge_node]: VehicleState timing: published=22616 timestamp_reject=0 clock_switch=66 stale_reject=662 skew_reject=19 age_ms[pos att ang]=[8.8 8.8 8.8] gap_mean_ms[pos att ang]=[22.48 11.25 11.25] gap_max_ms[pos att ang]=[337.19 337.21 329.79] sample_skew_ms=8.000
[mpc_controller_node-3] [WARN] [1789643619.997805636] [mpc_controller_node]: Coupled shadow admission reset: valid=true deadline=false status=0 iter=10 solve=19.383 ms primal=0.000334/0.000603 dual=0.000242/0.0003 violation=2.27e-19 tilt=0.017 thrust=9.812 samples=1
[mpc_controller_node-3] [INFO] [1789643620.705158430] [mpc_controller_node]: MPC update seq=22687 measured_x0=[p -0.182 0.084 0.971 v 0.005 -0.010 0.021 a_hat 0.065 -0.013 -0.036 a_raw 0.000 0.021 -0.036] u=[0.134 -0.044 -0.009] ref_age=8.9 ms state_age=8.6 ms solve=10.693 ms mean=3.367 ms max=49.375 ms coupled_valid=true tilt_max=0.015 thrust_max=9.806
[mpc_controller_node-3] [INFO] [1789643620.837792420] [mpc_controller_node]: Force/attitude setpoint seq=22694 a_des=[0.134 -0.047 0.019] specific_force=[0.134 -0.047 9.825] collective=9.826 m/s^2 tilt=0.014 rad mode=tracking
[mpc_controller_node-3] [WARN] [1789643622.337652438] [mpc_controller_node]: Coupled shadow admission reset: valid=true deadline=false status=0 iter=10 solve=23.866 ms primal=6.59e-17/0.000456 dual=6.25e-05/0.0003 violation=1.94e-19 tilt=0.016 thrust=9.864 samples=39
[mpc_controller_node-3] [INFO] [1789643622.714775817] [mpc_controller_node]: MPC update seq=22787 measured_x0=[p -0.174 0.084 0.874 v 0.002 0.002 0.056 a_hat 0.062 -0.044 0.046 a_raw -0.010 -0.019 0.046] u=[0.139 -0.073 0.045] ref_age=9.7 ms state_age=9.8 ms solve=16.456 ms mean=3.374 ms max=49.375 ms coupled_valid=true tilt_max=0.016 thrust_max=9.868
[mpc_controller_node-3] [INFO] [1789643622.857503392] [mpc_controller_node]: Force/attitude setpoint seq=22794 a_des=[0.142 -0.070 0.045] specific_force=[0.142 -0.070 9.852] collective=9.853 m/s^2 tilt=0.016 rad mode=tracking
[vehicle_state_bridge_node-2] [INFO] [1789643624.224987638] [vehicle_state_bridge_node]: VehicleState timing: published=22867 timestamp_reject=0 clock_switch=66 stale_reject=662 skew_reject=19 age_ms[pos att ang]=[13.4 8.2 8.2] gap_mean_ms[pos att ang]=[22.54 11.28 11.28] gap_max_ms[pos att ang]=[337.19 337.21 329.79] sample_skew_ms=16.000
[mpc_controller_node-3] [INFO] [1789643624.716398306] [mpc_controller_node]: MPC update seq=22888 measured_x0=[p -0.164 0.086 0.878 v -0.001 0.013 0.114 a_hat 0.059 -0.057 -0.094 a_raw -0.003 -0.031 -0.094] u=[0.140 -0.103 -0.092] ref_age=7.3 ms state_age=7.5 ms solve=2.334 ms mean=3.379 ms max=49.375 ms coupled_valid=true tilt_max=0.018 thrust_max=9.804
[mpc_controller_node-3] [INFO] [1789643624.857564752] [mpc_controller_node]: Force/attitude setpoint seq=22895 a_des=[0.147 -0.094 -0.086] specific_force=[0.147 -0.094 9.721] collective=9.723 m/s^2 tilt=0.018 rad mode=tracking
[mpc_controller_node-3] [INFO] [1789643626.735657027] [mpc_controller_node]: MPC update seq=22989 measured_x0=[p -0.147 0.089 0.863 v 0.001 0.000 0.066 a_hat 0.055 -0.034 0.030 a_raw -0.009 -0.003 0.030] u=[0.120 -0.072 0.038] ref_age=11.8 ms state_age=7.9 ms solve=2.173 ms mean=3.374 ms max=49.375 ms coupled_valid=true tilt_max=0.014 thrust_max=9.857
[mpc_controller_node-3] [INFO] [1789643626.875636429] [mpc_controller_node]: Force/attitude setpoint seq=22996 a_des=[0.121 -0.080 0.034] specific_force=[0.121 -0.080 9.841] collective=9.842 m/s^2 tilt=0.015 rad mode=tracking
[mpc_controller_node-3] [INFO] [1789643628.736964395] [mpc_controller_node]: MPC update seq=23089 measured_x0=[p -0.167 0.103 0.926 v -0.006 0.001 0.051 a_hat 0.081 -0.040 -0.020 a_raw 0.005 -0.009 -0.020] u=[0.149 -0.086 -0.014] ref_age=12.7 ms state_age=5.6 ms solve=3.313 ms mean=3.369 ms max=49.375 ms coupled_valid=true tilt_max=0.018 thrust_max=9.805
[mpc_controller_node-3] [INFO] [1789643628.877236245] [mpc_controller_node]: Force/attitude setpoint seq=23096 a_des=[0.150 -0.094 -0.016] specific_force=[0.150 -0.094 9.790] collective=9.792 m/s^2 tilt=0.018 rad mode=tracking
[vehicle_state_bridge_node-2] [INFO] [1789643629.244858405] [vehicle_state_bridge_node]: VehicleState timing: published=23118 timestamp_reject=0 clock_switch=70 stale_reject=662 skew_reject=19 age_ms[pos att ang]=[3.0 5.2 4.6] gap_mean_ms[pos att ang]=[22.52 11.27 11.27] gap_max_ms[pos att ang]=[337.19 337.21 329.79] sample_skew_ms=12.000
[mpc_controller_node-3] [INFO] [1789643630.755213862] [mpc_controller_node]: MPC update seq=23190 measured_x0=[p -0.180 0.099 1.007 v -0.002 -0.011 0.009 a_hat 0.078 -0.017 -0.032 a_raw 0.015 0.015 -0.032] u=[0.152 -0.054 -0.030] ref_age=10.6 ms state_age=8.3 ms solve=1.633 ms mean=3.363 ms max=49.375 ms coupled_valid=true tilt_max=0.017 thrust_max=9.810
[mpc_controller_node-3] [INFO] [1789643630.891382769] [mpc_controller_node]: Force/attitude setpoint seq=23196 a_des=[0.150 -0.064 -0.029] specific_force=[0.150 -0.064 9.778] collective=9.779 m/s^2 tilt=0.017 rad mode=tracking
[mpc_controller_node-3] [WARN] [1789643630.966538169] [mpc_controller_node]: Coupled shadow admission reset: valid=true deadline=false status=0 iter=10 solve=28.215 ms primal=4.95e-17/0.000458 dual=3.58e-05/0.0003 violation=1.05e-19 tilt=0.017 thrust=9.811 samples=250
[mpc_controller_node-3] [INFO] [1789643632.775942581] [mpc_controller_node]: MPC update seq=23291 measured_x0=[p -0.193 0.073 1.035 v 0.002 -0.008 -0.009 a_hat 0.079 -0.005 -0.026 a_raw 0.018 0.023 -0.026] u=[0.153 -0.043 -0.027] ref_age=12.7 ms state_age=8.2 ms solve=2.230 ms mean=3.362 ms max=49.375 ms coupled_valid=true tilt_max=0.016 thrust_max=9.819
[mpc_controller_node-3] [INFO] [1789643632.897000025] [mpc_controller_node]: Force/attitude setpoint seq=23297 a_des=[0.149 -0.046 -0.032] specific_force=[0.149 -0.046 9.775] collective=9.776 m/s^2 tilt=0.016 rad mode=tracking
[vehicle_state_bridge_node-2] [INFO] [1789643634.264941430] [vehicle_state_bridge_node]: VehicleState timing: published=23369 timestamp_reject=0 clock_switch=70 stale_reject=662 skew_reject=19 age_ms[pos att ang]=[11.0 1.6 1.6] gap_mean_ms[pos att ang]=[22.49 11.26 11.26] gap_max_ms[pos att ang]=[337.19 337.21 329.79] sample_skew_ms=12.000
[mpc_controller_node-3] [INFO] [1789643634.796578514] [mpc_controller_node]: MPC update seq=23392 measured_x0=[p -0.158 0.076 1.088 v 0.006 0.007 -0.038 a_hat 0.045 -0.038 -0.041 a_raw -0.020 -0.002 -0.041] u=[0.117 -0.081 -0.035] ref_age=12.5 ms state_age=8.4 ms solve=2.742 ms mean=3.355 ms max=49.375 ms coupled_valid=true tilt_max=0.015 thrust_max=9.836
[mpc_controller_node-3] [INFO] [1789643634.916338651] [mpc_controller_node]: Force/attitude setpoint seq=23398 a_des=[0.115 -0.082 -0.034] specific_force=[0.115 -0.082 9.773] collective=9.774 m/s^2 tilt=0.014 rad mode=tracking
[mpc_controller_node-3] [INFO] [1789643636.814566937] [mpc_controller_node]: MPC update seq=23493 measured_x0=[p -0.173 0.089 1.110 v -0.003 -0.007 -0.053 a_hat 0.072 -0.024 -0.034 a_raw 0.001 0.014 -0.034] u=[0.149 -0.055 -0.031] ref_age=12.4 ms state_age=7.2 ms solve=1.134 ms mean=3.348 ms max=49.375 ms coupled_valid=true tilt_max=0.017 thrust_max=9.844
[mpc_controller_node-3] [INFO] [1789643636.935080520] [mpc_controller_node]: Force/attitude setpoint seq=23499 a_des=[0.148 -0.053 -0.031] specific_force=[0.148 -0.053 9.775] collective=9.777 m/s^2 tilt=0.016 rad mode=tracking
[mpc_controller_node-3] [INFO] [1789643638.814861741] [mpc_controller_node]: MPC update seq=23593 measured_x0=[p -0.198 0.082 1.127 v 0.008 -0.008 -0.066 a_hat 0.080 -0.026 -0.021 a_raw 0.019 0.010 -0.021] u=[0.139 -0.045 -0.023] ref_age=12.7 ms state_age=8.1 ms solve=1.232 ms mean=3.342 ms max=49.375 ms coupled_valid=true tilt_max=0.015 thrust_max=9.850
[mpc_controller_node-3] [INFO] [1789643638.955041516] [mpc_controller_node]: Force/attitude setpoint seq=23600 a_des=[0.127 -0.037 -0.028] specific_force=[0.127 -0.037 9.778] collective=9.779 m/s^2 tilt=0.014 rad mode=tracking
[vehicle_state_bridge_node-2] [INFO] [1789643639.284779257] [vehicle_state_bridge_node]: VehicleState timing: published=23620 timestamp_reject=0 clock_switch=70 stale_reject=662 skew_reject=19 age_ms[pos att ang]=[11.3 3.8 3.8] gap_mean_ms[pos att ang]=[22.46 11.24 11.24] gap_max_ms[pos att ang]=[337.19 337.21 329.79] sample_skew_ms=16.000
[mpc_controller_node-3] [INFO] [1789643640.815969526] [mpc_controller_node]: MPC update seq=23693 measured_x0=[p -0.178 0.093 1.130 v 0.002 -0.000 -0.024 a_hat 0.065 -0.042 -0.099 a_raw -0.004 -0.009 -0.099] u=[0.140 -0.073 -0.123] ref_age=12.7 ms state_age=7.9 ms solve=2.315 ms mean=3.337 ms max=49.375 ms coupled_valid=true tilt_max=0.017 thrust_max=9.853
[mpc_controller_node-3] [INFO] [1789643640.955159842] [mpc_controller_node]: Force/attitude setpoint seq=23700 a_des=[0.140 -0.069 -0.131] specific_force=[0.140 -0.069 9.676] collective=9.677 m/s^2 tilt=0.016 rad mode=tracking
[px4_attitude_mode_node-4] [INFO] [1789643641.802038316] [px4_attitude_mode_node]: MpcFlightMode DEACTIVATED
[reference_generator_node-1] [INFO] [1789643641.803183416] [reference_generator_node]: External Mode deactivation; waiting for measured-position hold
[mpc_controller_node-3] [INFO] [1789643642.823680000] [mpc_controller_node]: MPC update seq=23793 measured_x0=[p -0.184 0.095 1.095 v -0.034 0.014 0.017 a_hat 0.107 -0.061 0.042 a_raw -0.002 -0.013 0.042] u=[0.243 -0.114 -0.181] ref_age=12.9 ms state_age=8.8 ms solve=7.160 ms mean=3.334 ms max=49.375 ms coupled_valid=true tilt_max=0.029 thrust_max=9.845
[mpc_controller_node-3] [INFO] [1789643642.955581002] [mpc_controller_node]: Force/attitude setpoint seq=23800 a_des=[0.247 -0.114 -0.195] specific_force=[0.247 -0.114 9.612] collective=9.616 m/s^2 tilt=0.028 rad mode=tracking
[vehicle_state_bridge_node-2] [INFO] [1789643644.304654702] [vehicle_state_bridge_node]: VehicleState timing: published=23871 timestamp_reject=0 clock_switch=70 stale_reject=662 skew_reject=19 age_ms[pos att ang]=[6.2 1.2 1.2] gap_mean_ms[pos att ang]=[22.45 11.24 11.23] gap_max_ms[pos att ang]=[337.19 337.21 329.79] sample_skew_ms=8.000
[mpc_controller_node-3] [INFO] [1789643644.836865663] [mpc_controller_node]: MPC update seq=23894 measured_x0=[p -0.211 0.113 1.115 v 0.009 -0.012 0.021 a_hat 0.067 -0.027 0.061 a_raw -0.003 0.004 0.061] u=[0.151 -0.062 -0.218] ref_age=12.5 ms state_age=8.2 ms solve=2.611 ms mean=3.330 ms max=49.375 ms coupled_valid=true tilt_max=0.018 thrust_max=9.853
[mpc_controller_node-3] [INFO] [1789643644.976451907] [mpc_controller_node]: Force/attitude setpoint seq=23901 a_des=[0.157 -0.062 -0.222] specific_force=[0.157 -0.062 9.585] collective=9.586 m/s^2 tilt=0.018 rad mode=tracking
[mpc_controller_node-3] [INFO] [1789643646.856142533] [mpc_controller_node]: MPC update seq=23995 measured_x0=[p -0.217 0.109 1.162 v 0.009 -0.002 -0.018 a_hat 0.087 -0.045 -0.068 a_raw 0.021 -0.012 -0.068] u=[0.149 -0.082 -0.190] ref_age=11.8 ms state_age=8.2 ms solve=2.240 ms mean=3.326 ms max=49.375 ms coupled_valid=true tilt_max=0.018 thrust_max=9.866
[mpc_controller_node-3] [INFO] [1789643646.976790124] [mpc_controller_node]: Force/attitude setpoint seq=24001 a_des=[0.140 -0.083 -0.185] specific_force=[0.140 -0.083 9.622] collective=9.623 m/s^2 tilt=0.017 rad mode=tracking
[mpc_controller_node-3] [INFO] [1789643648.866984726] [mpc_controller_node]: MPC update seq=24095 measured_x0=[p -0.180 0.077 2.176 v 0.008 -0.006 1.363 a_hat 0.038 0.003 -0.677 a_raw -0.032 0.047 -0.677] u=[0.130 -0.054 -2.335] ref_age=7.1 ms state_age=7.3 ms solve=13.379 ms mean=3.336 ms max=49.375 ms coupled_valid=true tilt_max=0.020 thrust_max=10.436
[mpc_controller_node-3] [WARN] [1789643648.915867275] [mpc_controller_node]: Coupled shadow admission reset: valid=true deadline=false status=0 iter=37 solve=19.261 ms primal=0.0182/0.00331 dual=0.00299/0.000335 violation=0.0117 tilt=0.020 thrust=10.379 samples=250
[mpc_controller_node-3] [INFO] [1789643648.986056399] [mpc_controller_node]: Force/attitude setpoint seq=24101 a_des=[0.140 -0.064 -2.547] specific_force=[0.140 -0.064 7.260] collective=7.262 m/s^2 tilt=0.021 rad mode=tracking
[vehicle_state_bridge_node-2] [INFO] [1789643649.304810963] [vehicle_state_bridge_node]: VehicleState timing: published=24121 timestamp_reject=0 clock_switch=70 stale_reject=662 skew_reject=19 age_ms[pos att ang]=[25.9 14.2 14.2] gap_mean_ms[pos att ang]=[22.42 11.22 11.22] gap_max_ms[pos att ang]=[337.19 337.21 329.79] sample_skew_ms=12.000
[mpc_controller_node-3] [INFO] [1789643650.883917661] [mpc_controller_node]: MPC update seq=24196 measured_x0=[p -0.164 0.118 4.754 v -0.018 -0.011 1.364 a_hat 0.003 -0.007 0.830 a_raw -0.030 -0.029 0.830] u=[0.053 0.035 -2.375] ref_age=14.0 ms state_age=8.3 ms solve=8.863 ms mean=3.355 ms max=49.375 ms coupled_valid=true tilt_max=0.009 thrust_max=10.012
[mpc_controller_node-3] [INFO] [1789643650.999368493] [mpc_controller_node]: Force/attitude setpoint seq=24202 a_des=[0.057 0.033 -2.379] specific_force=[0.057 0.033 7.428] collective=7.428 m/s^2 tilt=0.009 rad mode=tracking
[mpc_controller_node-3] [INFO] [1789643652.895913882] [mpc_controller_node]: MPC update seq=24297 measured_x0=[p -0.176 0.129 5.343 v -0.023 -0.001 -0.530 a_hat 0.030 -0.009 -0.156 a_raw 0.001 -0.033 -0.156] u=[0.064 0.006 0.917] ref_age=12.4 ms state_age=7.8 ms solve=2.310 ms mean=3.360 ms max=49.375 ms coupled_valid=true tilt_max=0.006 thrust_max=11.414
[mpc_controller_node-3] [INFO] [1789643653.017439706] [mpc_controller_node]: Force/attitude setpoint seq=24303 a_des=[0.057 0.016 0.998] specific_force=[0.057 0.016 10.804] collective=10.804 m/s^2 tilt=0.005 rad mode=tracking
[vehicle_state_bridge_node-2] [INFO] [1789643654.304852009] [vehicle_state_bridge_node]: VehicleState timing: published=24371 timestamp_reject=0 clock_switch=70 stale_reject=662 skew_reject=19 age_ms[pos att ang]=[13.4 7.8 7.8] gap_mean_ms[pos att ang]=[22.40 11.21 11.21] gap_max_ms[pos att ang]=[337.19 337.21 329.79] sample_skew_ms=12.000
[mpc_controller_node-3] [INFO] [1789643654.914780536] [mpc_controller_node]: MPC update seq=24398 measured_x0=[p -0.181 0.123 5.351 v 0.007 0.044 -0.062 a_hat 0.028 0.092 -0.009 a_raw 0.046 0.193 -0.009] u=[-0.033 -0.167 0.182] ref_age=11.6 ms state_age=6.9 ms solve=1.323 ms mean=3.361 ms max=49.375 ms coupled_valid=true tilt_max=0.018 thrust_max=10.012
[mpc_controller_node-3] [INFO] [1789643655.036555290] [mpc_controller_node]: Force/attitude setpoint seq=24404 a_des=[-0.035 -0.190 0.214] specific_force=[-0.035 -0.190 10.021] collective=10.023 m/s^2 tilt=0.019 rad mode=tracking
[mpc_controller_node-3] [INFO] [1789643656.914906348] [mpc_controller_node]: MPC update seq=24498 measured_x0=[p -0.250 0.059 5.269 v 0.008 -0.055 -0.068 a_hat -0.008 -0.056 0.022 a_raw 0.014 -0.159 0.022] u=[-0.024 0.190 0.199] ref_age=12.3 ms state_age=8.0 ms solve=1.392 ms mean=3.356 ms max=49.375 ms coupled_valid=true tilt_max=0.020 thrust_max=10.028
[mpc_controller_node-3] [INFO] [1789643657.057467301] [mpc_controller_node]: Force/attitude setpoint seq=24505 a_des=[-0.015 0.223 0.190] specific_force=[-0.015 0.223 9.997] collective=10.000 m/s^2 tilt=0.022 rad mode=tracking
[mpc_controller_node-3] [INFO] [1789643658.918543680] [mpc_controller_node]: MPC update seq=24598 measured_x0=[p 0.361 0.313 5.386 v 0.598 0.271 -0.062 a_hat -1.402 -0.620 -0.900 a_raw -1.299 -0.611 -0.900] u=[-1.606 -0.697 0.151] ref_age=12.4 ms state_age=8.1 ms solve=4.723 ms mean=3.354 ms max=49.375 ms coupled_valid=true tilt_max=0.174 thrust_max=10.197
[mpc_controller_node-3] [INFO] [1789643659.058194277] [mpc_controller_node]: Force/attitude setpoint seq=24605 a_des=[-1.093 -0.474 0.307] specific_force=[-1.093 -0.474 10.114] collective=10.183 m/s^2 tilt=0.117 rad mode=tracking
[vehicle_state_bridge_node-2] [INFO] [1789643659.305243249] [vehicle_state_bridge_node]: VehicleState timing: published=24621 timestamp_reject=0 clock_switch=70 stale_reject=662 skew_reject=19 age_ms[pos att ang]=[16.1 5.7 5.7] gap_mean_ms[pos att ang]=[22.38 11.20 11.20] gap_max_ms[pos att ang]=[337.19 337.21 329.79] sample_skew_ms=12.000
[vehicle_state_bridge_node-2] [WARN] [1789643659.944751330] [vehicle_state_bridge_node]: VehicleState not published: reason=SAMPLE_SKEW pos_age=17.501 ms att_age=4.006 ms ang_age=4.031 ms sample_skew=1789643207171.172 ms
[mpc_controller_node-3] [INFO] [1789643660.938275456] [mpc_controller_node]: MPC update seq=24699 measured_x0=[p -1.356 -0.087 5.371 v -1.009 -0.266 -0.164 a_hat 2.750 0.731 0.041 a_raw 2.440 0.602 0.041] u=[3.065 0.737 0.381] ref_age=12.7 ms state_age=6.8 ms solve=4.488 ms mean=3.369 ms max=49.375 ms coupled_valid=true tilt_max=0.300 thrust_max=10.665
[mpc_controller_node-3] [INFO] [1789643661.061650234] [mpc_controller_node]: Force/attitude setpoint seq=24705 a_des=[2.624 0.555 0.420] specific_force=[2.624 0.555 10.226] collective=10.572 m/s^2 tilt=0.257 rad mode=tracking
[mpc_controller_node-3] [WARN] [1789643661.571721493] [mpc_controller_node]: Coupled shadow admission reset: valid=true deadline=false status=0 iter=165 solve=18.087 ms primal=0.00174/0.00193 dual=0.000683/0.000308 violation=5.15e-17 tilt=0.160 thrust=10.394 samples=250
[mpc_controller_node-3] [INFO] [1789643662.940665172] [mpc_controller_node]: MPC update seq=24799 measured_x0=[p -0.835 0.168 5.216 v -0.775 -0.046 0.032 a_hat -0.521 -0.474 0.293 a_raw -1.204 -0.851 0.293] u=[1.110 0.001 -0.088] ref_age=11.6 ms state_age=7.7 ms solve=7.014 ms mean=3.384 ms max=49.375 ms coupled_valid=true tilt_max=0.233 thrust_max=9.946
[mpc_controller_node-3] [INFO] [1789643663.080106164] [mpc_controller_node]: Force/attitude setpoint seq=24806 a_des=[1.625 0.213 -0.189] specific_force=[1.625 0.213 9.617] collective=9.756 m/s^2 tilt=0.169 rad mode=tracking
[vehicle_state_bridge_node-2] [INFO] [1789643664.325010314] [vehicle_state_bridge_node]: VehicleState timing: published=24871 timestamp_reject=0 clock_switch=72 stale_reject=662 skew_reject=20 age_ms[pos att ang]=[1.3 11.4 11.4] gap_mean_ms[pos att ang]=[22.36 11.19 11.19] gap_max_ms[pos att ang]=[337.19 337.21 329.79] sample_skew_ms=12.000
[mpc_controller_node-3] [INFO] [1789643664.957147648] [mpc_controller_node]: MPC update seq=24900 measured_x0=[p -2.536 -0.281 5.293 v -0.229 0.137 -0.199 a_hat 0.660 -0.028 0.181 a_raw 0.556 0.164 0.181] u=[0.473 -0.427 0.472] ref_age=11.0 ms state_age=7.7 ms solve=3.395 ms mean=3.390 ms max=49.375 ms coupled_valid=true tilt_max=0.062 thrust_max=10.472
[mpc_controller_node-3] [INFO] [1789643665.100766076] [mpc_controller_node]: Force/attitude setpoint seq=24907 a_des=[0.229 -0.443 0.439] specific_force=[0.229 -0.443 10.246] collective=10.258 m/s^2 tilt=0.049 rad mode=tracking
[mpc_controller_node-3] [INFO] [1789643666.975523494] [mpc_controller_node]: MPC update seq=25001 measured_x0=[p -2.534 -0.301 5.183 v -0.161 -0.038 -0.046 a_hat 0.248 0.061 -0.011 a_raw 0.137 0.042 -0.011] u=[0.429 0.101 0.119] ref_age=12.5 ms state_age=7.7 ms solve=1.844 ms mean=3.388 ms max=49.375 ms coupled_valid=true tilt_max=0.044 thrust_max=9.970
[mpc_controller_node-3] [INFO] [1789643667.117184279] [mpc_controller_node]: Force/attitude setpoint seq=25008 a_des=[0.372 0.090 0.114] specific_force=[0.372 0.090 9.920] collective=9.928 m/s^2 tilt=0.039 rad mode=tracking
[mpc_controller_node-3] [INFO] [1789643668.975876269] [mpc_controller_node]: MPC update seq=25101 measured_x0=[p -2.711 -0.339 5.199 v 0.006 0.003 -0.020 a_hat 0.031 -0.000 0.009 a_raw 0.065 0.015 0.009] u=[-0.028 -0.010 0.050] ref_age=11.9 ms state_age=8.0 ms solve=2.247 ms mean=3.385 ms max=49.375 ms coupled_valid=true tilt_max=0.003 thrust_max=9.871
[mpc_controller_node-3] [INFO] [1789643669.117551344] [mpc_controller_node]: Force/attitude setpoint seq=25108 a_des=[-0.045 -0.014 0.045] specific_force=[-0.045 -0.014 9.852] collective=9.852 m/s^2 tilt=0.005 rad mode=tracking
[vehicle_state_bridge_node-2] [INFO] [1789643669.344747628] [vehicle_state_bridge_node]: VehicleState timing: published=25122 timestamp_reject=0 clock_switch=72 stale_reject=662 skew_reject=20 age_ms[pos att ang]=[14.9 0.2 0.2] gap_mean_ms[pos att ang]=[22.34 11.18 11.18] gap_max_ms[pos att ang]=[337.19 337.21 329.79] sample_skew_ms=16.000
[px4_attitude_mode_node-4] [INFO] [1789643669.415153277] [px4_attitude_mode_node]: MpcFlightMode ACTIVATED
[reference_generator_node-1] [INFO] [1789643669.415320328] [reference_generator_node]: Measured hold captured
[reference_generator_node-1] [INFO] [1789643669.415394557] [reference_generator_node]: External Mode activation; waiting for measured-position hold
[mpc_controller_node-3] [INFO] [1789643670.996801116] [mpc_controller_node]: MPC update seq=25202 measured_x0=[p -2.784 -0.353 5.223 v -0.029 -0.005 -0.043 a_hat 0.086 0.026 -0.026 a_raw 0.040 0.035 -0.026] u=[0.127 0.027 0.087] ref_age=11.5 ms state_age=7.1 ms solve=3.243 ms mean=3.381 ms max=49.375 ms coupled_valid=true tilt_max=0.013 thrust_max=9.920
[mpc_controller_node-3] [INFO] [1789643671.137201183] [mpc_controller_node]: Force/attitude setpoint seq=25209 a_des=[0.120 0.021 0.081] specific_force=[0.120 0.021 9.888] collective=9.889 m/s^2 tilt=0.012 rad mode=tracking
[mpc_controller_node-3] [INFO] [1789643673.016907413] [mpc_controller_node]: MPC update seq=25303 measured_x0=[p -2.814 -0.358 5.270 v 0.002 0.008 -0.009 a_hat 0.035 0.004 -0.199 a_raw -0.005 0.002 -0.199] u=[0.078 -0.002 -0.067] ref_age=12.3 ms state_age=8.4 ms solve=2.731 ms mean=3.379 ms max=49.375 ms coupled_valid=true tilt_max=0.008 thrust_max=9.829
[mpc_controller_node-3] [INFO] [1789643673.156140171] [mpc_controller_node]: Force/attitude setpoint seq=25310 a_des=[0.083 -0.002 -0.015] specific_force=[0.083 -0.002 9.792] collective=9.792 m/s^2 tilt=0.008 rad mode=tracking
[vehicle_state_bridge_node-2] [INFO] [1789643674.345033463] [vehicle_state_bridge_node]: VehicleState timing: published=25372 timestamp_reject=0 clock_switch=72 stale_reject=662 skew_reject=20 age_ms[pos att ang]=[13.4 13.4 13.4] gap_mean_ms[pos att ang]=[22.33 11.17 11.17] gap_max_ms[pos att ang]=[337.19 337.21 329.79] sample_skew_ms=8.000
[mpc_controller_node-3] [INFO] [1789643675.017213781] [mpc_controller_node]: MPC update seq=25403 measured_x0=[p -2.832 -0.354 5.151 v 0.004 0.003 -0.003 a_hat 0.053 0.003 -0.018 a_raw 0.012 0.000 -0.018] u=[0.085 0.008 0.093] ref_age=13.0 ms state_age=8.9 ms solve=2.761 ms mean=3.379 ms max=49.375 ms coupled_valid=true tilt_max=0.009 thrust_max=9.930
[mpc_controller_node-3] [INFO] [1789643675.158795233] [mpc_controller_node]: Force/attitude setpoint seq=25410 a_des=[0.077 0.006 0.113] specific_force=[0.077 0.006 9.919] collective=9.920 m/s^2 tilt=0.008 rad mode=tracking
[vehicle_state_bridge_node-2] [WARN] [1789643676.224722050] [vehicle_state_bridge_node]: VehicleState not published: reason=SAMPLE_SKEW pos_age=13.762 ms att_age=2.675 ms ang_age=2.688 ms sample_skew=1789643207144.959 ms
[mpc_controller_node-3] [INFO] [1789643677.034919434] [mpc_controller_node]: MPC update seq=25504 measured_x0=[p -2.853 -0.349 5.048 v 0.003 -0.001 0.040 a_hat 0.056 0.011 0.052 a_raw 0.021 0.004 0.052] u=[0.105 0.013 0.139] ref_age=11.2 ms state_age=7.3 ms solve=1.378 ms mean=3.378 ms max=49.375 ms coupled_valid=true tilt_max=0.011 thrust_max=9.985
[mpc_controller_node-3] [INFO] [1789643677.176482822] [mpc_controller_node]: Force/attitude setpoint seq=25511 a_des=[0.102 0.013 0.133] specific_force=[0.102 0.013 9.940] collective=9.940 m/s^2 tilt=0.010 rad mode=tracking
[mpc_controller_node-3] [INFO] [1789643679.035971224] [mpc_controller_node]: MPC update seq=25604 measured_x0=[p -2.875 -0.388 5.078 v 0.007 0.007 0.042 a_hat 0.057 0.021 0.001 a_raw 0.009 0.013 0.001] u=[0.111 0.024 0.091] ref_age=12.3 ms state_age=8.0 ms solve=2.253 ms mean=3.374 ms max=49.375 ms coupled_valid=true tilt_max=0.012 thrust_max=9.924
[mpc_controller_node-3] [INFO] [1789643679.176744642] [mpc_controller_node]: Force/attitude setpoint seq=25611 a_des=[0.119 0.026 0.092] specific_force=[0.119 0.026 9.899] collective=9.899 m/s^2 tilt=0.012 rad mode=tracking
[vehicle_state_bridge_node-2] [INFO] [1789643679.345275416] [vehicle_state_bridge_node]: VehicleState timing: published=25621 timestamp_reject=0 clock_switch=76 stale_reject=662 skew_reject=21 age_ms[pos att ang]=[19.1 5.3 5.3] gap_mean_ms[pos att ang]=[22.31 11.17 11.17] gap_max_ms[pos att ang]=[337.19 337.21 329.79] sample_skew_ms=16.000
[mpc_controller_node-3] [INFO] [1789643681.056477960] [mpc_controller_node]: MPC update seq=25705 measured_x0=[p -2.855 -0.422 5.128 v 0.019 0.014 0.065 a_hat 0.026 0.020 -0.037 a_raw -0.021 0.005 -0.037] u=[0.069 0.032 -0.033] ref_age=12.7 ms state_age=8.1 ms solve=2.746 ms mean=3.371 ms max=49.375 ms coupled_valid=true tilt_max=0.008 thrust_max=9.805
[mpc_controller_node-3] [INFO] [1789643681.180740925] [mpc_controller_node]: Force/attitude setpoint seq=25711 a_des=[0.067 0.035 -0.068] specific_force=[0.067 0.035 9.739] collective=9.739 m/s^2 tilt=0.008 rad mode=tracking
[mpc_controller_node-3] [INFO] [1789643683.075489669] [mpc_controller_node]: MPC update seq=25806 measured_x0=[p -2.825 -0.391 5.133 v 0.002 0.007 0.016 a_hat 0.034 0.013 0.032 a_raw -0.018 0.004 0.032] u=[0.088 0.027 0.074] ref_age=11.8 ms state_age=7.2 ms solve=1.894 ms mean=3.368 ms max=49.375 ms coupled_valid=true tilt_max=0.010 thrust_max=9.900
[mpc_controller_node-3] [INFO] [1789643683.196496532] [mpc_controller_node]: Force/attitude setpoint seq=25812 a_des=[0.096 0.027 0.065] specific_force=[0.096 0.027 9.872] collective=9.872 m/s^2 tilt=0.010 rad mode=tracking
[reference_generator_node-1] [INFO] [1789643683.522902692] [reference_generator_node]: Measured hold captured
[reference_generator_node-1] [INFO] [1789643683.523006838] [reference_generator_node]: Mission replacement requested; waiting for measured-position hold
[reference_generator_node-1] [INFO] [1789643683.525278081] [reference_generator_node]: Mission started: 9 waypoints, target='takeoff' [-2.83, -0.39, 10.00]
[vehicle_state_bridge_node-2] [INFO] [1789643684.364769422] [vehicle_state_bridge_node]: VehicleState timing: published=25872 timestamp_reject=0 clock_switch=76 stale_reject=662 skew_reject=21 age_ms[pos att ang]=[6.9 11.2 11.2] gap_mean_ms[pos att ang]=[22.29 11.16 11.16] gap_max_ms[pos att ang]=[337.19 337.21 329.79] sample_skew_ms=8.000
[mpc_controller_node-3] [INFO] [1789643685.098426964] [mpc_controller_node]: MPC update seq=25907 measured_x0=[p -2.908 -0.391 6.278 v -0.022 -0.007 1.810 a_hat 0.061 0.017 1.209 a_raw 0.012 0.009 1.209] u=[0.108 0.019 1.153] ref_age=12.9 ms state_age=8.4 ms solve=4.690 ms mean=3.381 ms max=49.375 ms coupled_valid=true tilt_max=0.010 thrust_max=10.960
[mpc_controller_node-3] [INFO] [1789643685.197597306] [mpc_controller_node]: Force/attitude setpoint seq=25912 a_des=[0.125 0.014 0.986] specific_force=[0.125 0.014 10.793] collective=10.794 m/s^2 tilt=0.012 rad mode=tracking
[reference_generator_node-1] [INFO] [1789643685.680342683] [reference_generator_node]: Waypoint 1/9 reached: id='takeoff', distance=2.46m, crossed_plane=no
[reference_generator_node-1] [INFO] [1789643686.820490111] [reference_generator_node]: Waypoint 2/9 reached: id='wp_start', distance=2.49m, crossed_plane=no
[mpc_controller_node-3] [WARN] [1789643686.852696291] [mpc_controller_node]: Coupled shadow admission reset: valid=true deadline=false status=0 iter=187 solve=19.079 ms primal=0.0103/0.00583 dual=0.00486/0.00101 violation=0.00653 tilt=0.539 thrust=11.172 samples=250
[mpc_controller_node-3] [INFO] [1789643687.111650239] [mpc_controller_node]: MPC update seq=26007 measured_x0=[p -2.194 -0.276 9.835 v 0.901 0.103 0.575 a_hat 0.081 0.082 -1.642 a_raw -0.240 0.037 -1.642] u=[0.757 0.370 -1.415] ref_age=1.3 ms state_age=1.4 ms solve=18.022 ms mean=3.401 ms max=49.375 ms coupled_valid=true tilt_max=0.536 thrust_max=11.050
[mpc_controller_node-3] [INFO] [1789643687.209914387] [mpc_controller_node]: Force/attitude setpoint seq=26012 a_des=[1.127 0.524 -1.215] specific_force=[1.127 0.524 8.592] collective=8.682 m/s^2 tilt=0.144 rad mode=tracking
[mpc_controller_node-3] [INFO] [1789643689.123842390] [mpc_controller_node]: MPC update seq=26108 measured_x0=[p 3.506 2.134 10.037 v 4.916 2.589 0.030 a_hat 0.787 1.063 -0.129 a_raw 0.391 0.868 -0.129] u=[0.306 0.884 -0.129] ref_age=9.3 ms state_age=7.7 ms solve=10.176 ms mean=3.433 ms max=49.375 ms coupled_valid=true tilt_max=0.453 thrust_max=10.920
[mpc_controller_node-3] [INFO] [1789643689.224886763] [mpc_controller_node]: Force/attitude setpoint seq=26113 a_des=[-0.044 0.722 -0.121] specific_force=[-0.044 0.722 9.685] collective=9.712 m/s^2 tilt=0.075 rad mode=tracking
[vehicle_state_bridge_node-2] [INFO] [1789643689.384654443] [vehicle_state_bridge_node]: VehicleState timing: published=26123 timestamp_reject=0 clock_switch=76 stale_reject=662 skew_reject=21 age_ms[pos att ang]=[17.0 1.6 1.8] gap_mean_ms[pos att ang]=[22.27 11.14 11.14] gap_max_ms[pos att ang]=[337.19 337.21 329.79] sample_skew_ms=16.000
[mpc_controller_node-3] [INFO] [1789643691.139719490] [mpc_controller_node]: MPC update seq=26209 measured_x0=[p 9.795 5.889 10.055 v 1.252 0.240 -0.102 a_hat -1.150 -0.989 0.055 a_raw -1.165 -0.921 0.055] u=[-0.460 -0.341 0.167] ref_age=13.0 ms state_age=8.4 ms solve=6.122 ms mean=3.447 ms max=49.375 ms coupled_valid=true tilt_max=0.152 thrust_max=10.074
[mpc_controller_node-3] [INFO] [1789643691.240312775] [mpc_controller_node]: Force/attitude setpoint seq=26214 a_des=[-0.175 -0.095 0.156] specific_force=[-0.175 -0.095 9.962] collective=9.964 m/s^2 tilt=0.020 rad mode=tracking
[mpc_controller_node-3] [INFO] [1789643693.154913259] [mpc_controller_node]: MPC update seq=26310 measured_x0=[p 12.210 6.833 10.055 v 0.952 0.420 -0.040 a_hat -0.385 -0.233 -0.016 a_raw -0.451 -0.242 -0.016] u=[-0.172 -0.106 0.027] ref_age=12.6 ms state_age=8.0 ms solve=1.435 ms mean=3.448 ms max=49.375 ms coupled_valid=true tilt_max=0.030 thrust_max=9.836
[mpc_controller_node-3] [INFO] [1789643693.254948722] [mpc_controller_node]: Force/attitude setpoint seq=26315 a_des=[-0.159 -0.102 0.024] specific_force=[-0.159 -0.102 9.831] collective=9.833 m/s^2 tilt=0.019 rad mode=tracking
[reference_generator_node-1] [INFO] [1789643693.700478419] [reference_generator_node]: Waypoint 3/9 reached: id='wp_obs1_bypass_left', distance=2.50m, crossed_plane=no
[mpc_controller_node-3] [WARN] [1789643693.732549067] [mpc_controller_node]: Coupled shadow admission reset: valid=true deadline=false status=0 iter=201 solve=18.978 ms primal=0.0162/0.00585 dual=0.00401/0.0012 violation=0.0102 tilt=0.486 thrust=12.947 samples=250
[vehicle_state_bridge_node-2] [INFO] [1789643694.384677115] [vehicle_state_bridge_node]: VehicleState timing: published=26373 timestamp_reject=0 clock_switch=76 stale_reject=662 skew_reject=21 age_ms[pos att ang]=[16.1 3.1 3.1] gap_mean_ms[pos att ang]=[22.24 11.13 11.13] gap_max_ms[pos att ang]=[337.19 337.21 329.79] sample_skew_ms=20.000
[vehicle_state_bridge_node-2] [WARN] [1789643695.004648482] [vehicle_state_bridge_node]: VehicleState not published: reason=SAMPLE_SKEW pos_age=13.975 ms att_age=2.341 ms ang_age=2.350 ms sample_skew=1789643208078.380 ms
[mpc_controller_node-3] [INFO] [1789643695.169285069] [mpc_controller_node]: MPC update seq=26410 measured_x0=[p 14.318 6.234 10.953 v 2.133 -2.182 1.380 a_hat 2.975 -3.111 0.811 a_raw 2.964 -3.025 0.811] u=[3.930 -3.382 0.178] ref_age=1.5 ms state_age=1.6 ms solve=15.730 ms mean=3.479 ms max=49.375 ms coupled_valid=true tilt_max=0.506 thrust_max=11.251
[mpc_controller_node-3] [INFO] [1789643695.266773407] [mpc_controller_node]: Force/attitude setpoint seq=26415 a_des=[3.965 -3.017 -0.019] specific_force=[3.965 -3.017 9.788] collective=10.983 m/s^2 tilt=0.471 rad mode=tracking
[mpc_controller_node-3] [WARN] [1789643696.032914268] [mpc_controller_node]: Coupled shadow admission reset: valid=true deadline=false status=0 iter=122 solve=19.128 ms primal=0.00685/0.00558 dual=0.00343/0.000387 violation=0.00685 tilt=0.494 thrust=11.270 samples=51
[mpc_controller_node-3] [INFO] [1789643697.183463823] [mpc_controller_node]: MPC update seq=26511 measured_x0=[p 23.171 -2.096 12.449 v 4.485 -4.358 -0.421 a_hat -1.040 1.298 -0.452 a_raw -1.328 1.628 -0.452] u=[-1.300 1.719 -0.197] ref_age=11.1 ms state_age=7.8 ms solve=9.983 ms mean=3.513 ms max=49.375 ms coupled_valid=true tilt_max=0.501 thrust_max=11.534
[mpc_controller_node-3] [INFO] [1789643697.279137719] [mpc_controller_node]: Force/attitude setpoint seq=26516 a_des=[-1.588 1.934 0.004] specific_force=[-1.588 1.934 9.810] collective=10.124 m/s^2 tilt=0.250 rad mode=tracking
[mpc_controller_node-3] [WARN] [1789643698.253193862] [mpc_controller_node]: Coupled shadow admission reset: valid=true deadline=false status=0 iter=75 solve=19.347 ms primal=0.00328/0.00348 dual=0.000159/0.00031 violation=0.00328 tilt=0.304 thrust=10.617 samples=110
[mpc_controller_node-3] [INFO] [1789643699.201902420] [mpc_controller_node]: MPC update seq=26612 measured_x0=[p 26.472 -4.978 12.022 v -0.118 0.336 -0.072 a_hat -0.419 0.293 0.132 a_raw -0.396 0.221 0.132] u=[0.188 -0.329 0.148] ref_age=12.8 ms state_age=8.5 ms solve=8.319 ms mean=3.529 ms max=49.375 ms coupled_valid=true tilt_max=0.324 thrust_max=10.452
[mpc_controller_node-3] [INFO] [1789643699.301105385] [mpc_controller_node]: Force/attitude setpoint seq=26617 a_des=[0.450 -0.593 0.117] specific_force=[0.450 -0.593 9.924] collective=9.952 m/s^2 tilt=0.075 rad mode=tracking
[vehicle_state_bridge_node-2] [INFO] [1789643699.404737675] [vehicle_state_bridge_node]: VehicleState timing: published=26623 timestamp_reject=0 clock_switch=78 stale_reject=662 skew_reject=22 age_ms[pos att ang]=[5.1 1.5 1.5] gap_mean_ms[pos att ang]=[22.22 11.12 11.12] gap_max_ms[pos att ang]=[337.19 337.21 329.79] sample_skew_ms=12.000
[reference_generator_node-1] [INFO] [1789643701.160595950] [reference_generator_node]: Waypoint 4/9 reached: id='wp_obs2_bypass_right', distance=2.49m, crossed_plane=no
[mpc_controller_node-3] [WARN] [1789643701.192165239] [mpc_controller_node]: Coupled shadow admission reset: valid=true deadline=false status=0 iter=155 solve=18.574 ms primal=0.0165/0.00585 dual=0.00494/0.00119 violation=0.0117 tilt=0.487 thrust=13.049 samples=146
[mpc_controller_node-3] [INFO] [1789643701.206146126] [mpc_controller_node]: MPC update seq=26712 measured_x0=[p 28.159 -6.414 12.045 v 1.005 -0.989 -0.034 a_hat -0.941 1.028 0.021 a_raw -1.168 1.159 0.021] u=[-1.091 1.487 0.104] ref_age=0.8 ms state_age=0.8 ms solve=12.677 ms mean=3.540 ms max=49.375 ms coupled_valid=true tilt_max=0.488 thrust_max=13.015
[mpc_controller_node-3] [INFO] [1789643701.305786515] [mpc_controller_node]: Force/attitude setpoint seq=26717 a_des=[-0.925 1.848 0.285] specific_force=[-0.925 1.848 10.092] collective=10.301 m/s^2 tilt=0.202 rad mode=tracking
[mpc_controller_node-3] [INFO] [1789643703.226304697] [mpc_controller_node]: MPC update seq=26813 measured_x0=[p 30.758 -3.238 13.751 v 3.596 4.134 1.335 a_hat 3.437 1.628 -0.641 a_raw 3.186 1.324 -0.641] u=[3.396 1.051 -1.025] ref_age=7.4 ms state_age=7.5 ms solve=12.541 ms mean=3.576 ms max=49.375 ms coupled_valid=true tilt_max=0.421 thrust_max=10.840
[mpc_controller_node-3] [INFO] [1789643703.307122716] [mpc_controller_node]: Force/attitude setpoint seq=26817 a_des=[3.283 0.765 -1.193] specific_force=[3.283 0.765 8.614] collective=9.250 m/s^2 tilt=0.373 rad mode=tracking
[vehicle_state_bridge_node-2] [INFO] [1789643704.424752436] [vehicle_state_bridge_node]: VehicleState timing: published=26874 timestamp_reject=0 clock_switch=78 stale_reject=662 skew_reject=22 age_ms[pos att ang]=[16.2 11.5 11.5] gap_mean_ms[pos att ang]=[22.20 11.11 11.11] gap_max_ms[pos att ang]=[337.19 337.21 329.79] sample_skew_ms=12.000
[mpc_controller_node-3] [INFO] [1789643705.239320277] [mpc_controller_node]: MPC update seq=26914 measured_x0=[p 40.325 4.160 14.199 v 3.388 2.306 -0.225 a_hat -3.210 -2.104 0.153 a_raw -3.495 -2.252 0.153] u=[-3.773 -2.320 0.220] ref_age=12.7 ms state_age=9.6 ms solve=4.411 ms mean=3.605 ms max=49.375 ms coupled_valid=true tilt_max=0.474 thrust_max=11.395
[mpc_controller_node-3] [INFO] [1789643705.316329208] [mpc_controller_node]: Force/attitude setpoint seq=26918 a_des=[-3.895 -2.228 0.223] specific_force=[-3.895 -2.228 10.030] collective=10.988 m/s^2 tilt=0.421 rad mode=tracking
[mpc_controller_node-3] [INFO] [1789643707.257532633] [mpc_controller_node]: MPC update seq=27015 measured_x0=[p 41.566 5.211 14.059 v 0.486 0.131 -0.004 a_hat 1.410 1.161 0.055 a_raw 1.409 1.181 0.055] u=[1.466 1.879 -0.083] ref_age=12.0 ms state_age=8.2 ms solve=4.120 ms mean=3.618 ms max=49.375 ms coupled_valid=true tilt_max=0.240 thrust_max=10.012
[mpc_controller_node-3] [INFO] [1789643707.318538762] [mpc_controller_node]: Force/attitude setpoint seq=27018 a_des=[1.244 1.795 -0.096] specific_force=[1.244 1.795 9.710] collective=9.953 m/s^2 tilt=0.221 rad mode=tracking
[reference_generator_node-1] [INFO] [1789643708.420158435] [reference_generator_node]: Waypoint 5/9 reached: id='wp_obs3_bypass_left', distance=2.48m, crossed_plane=no
[mpc_controller_node-3] [WARN] [1789643708.451722426] [mpc_controller_node]: Coupled shadow admission reset: valid=true deadline=false status=0 iter=200 solve=18.372 ms primal=0.0161/0.00585 dual=0.00321/0.00119 violation=0.0108 tilt=0.576 thrust=11.648 samples=250
[mpc_controller_node-3] [INFO] [1789643709.267615523] [mpc_controller_node]: MPC update seq=27115 measured_x0=[p 43.618 6.623 13.970 v 0.559 -0.572 -0.487 a_hat 0.668 -2.474 -1.299 a_raw 0.663 -2.347 -1.299] u=[1.596 -2.914 -1.595] ref_age=5.5 ms state_age=5.7 ms solve=13.961 ms mean=3.642 ms max=49.375 ms coupled_valid=true tilt_max=0.576 thrust_max=11.349
[mpc_controller_node-3] [INFO] [1789643709.329615958] [mpc_controller_node]: Force/attitude setpoint seq=27118 a_des=[1.818 -3.009 -1.536] specific_force=[1.818 -3.009 8.271] collective=8.987 m/s^2 tilt=0.402 rad mode=tracking
[vehicle_state_bridge_node-2] [INFO] [1789643709.424782156] [vehicle_state_bridge_node]: VehicleState timing: published=27124 timestamp_reject=0 clock_switch=78 stale_reject=662 skew_reject=22 age_ms[pos att ang]=[15.1 6.6 6.6] gap_mean_ms[pos att ang]=[22.18 11.10 11.10] gap_max_ms[pos att ang]=[337.19 337.21 329.79] sample_skew_ms=20.000
[mpc_controller_node-3] [INFO] [1789643711.282937552] [mpc_controller_node]: MPC update seq=27216 measured_x0=[p 50.416 0.451 12.371 v 5.431 -4.135 -0.331 a_hat 0.559 -0.193 0.292 a_raw 0.101 0.079 0.292] u=[0.134 -0.042 0.251] ref_age=7.8 ms state_age=7.8 ms solve=9.219 ms mean=3.665 ms max=49.375 ms coupled_valid=true tilt_max=0.516 thrust_max=11.424
[mpc_controller_node-3] [INFO] [1789643711.343226677] [mpc_controller_node]: Force/attitude setpoint seq=27219 a_des=[-0.092 0.062 0.224] specific_force=[-0.092 0.062 10.031] collective=10.032 m/s^2 tilt=0.011 rad mode=tracking
[mpc_controller_node-3] [INFO] [1789643713.285172403] [mpc_controller_node]: MPC update seq=27316 measured_x0=[p 56.293 -4.818 12.102 v 0.468 -0.656 -0.175 a_hat -1.443 2.142 0.121 a_raw -1.408 2.145 0.121] u=[-0.701 1.581 0.262] ref_age=9.5 ms state_age=6.9 ms solve=11.483 ms mean=3.680 ms max=49.375 ms coupled_valid=true tilt_max=0.226 thrust_max=10.216
[mpc_controller_node-3] [WARN] [1789643713.313015947] [mpc_controller_node]: Coupled shadow admission reset: valid=true deadline=false status=0 iter=95 solve=18.469 ms primal=0.00111/0.00266 dual=0.000198/0.000322 violation=0.00111 tilt=0.235 thrust=10.202 samples=185
[mpc_controller_node-3] [INFO] [1789643713.363163401] [mpc_controller_node]: Force/attitude setpoint seq=27320 a_des=[-0.567 1.304 0.255] specific_force=[-0.567 1.304 10.062] collective=10.162 m/s^2 tilt=0.140 rad mode=tracking
[vehicle_state_bridge_node-2] [INFO] [1789643714.425204875] [vehicle_state_bridge_node]: VehicleState timing: published=27374 timestamp_reject=0 clock_switch=78 stale_reject=662 skew_reject=22 age_ms[pos att ang]=[7.7 5.7 5.8] gap_mean_ms[pos att ang]=[22.16 11.09 11.09] gap_max_ms[pos att ang]=[337.19 337.21 329.79] sample_skew_ms=12.000
[mpc_controller_node-3] [INFO] [1789643715.300343347] [mpc_controller_node]: MPC update seq=27417 measured_x0=[p 57.443 -5.819 12.044 v 1.278 -1.253 -0.028 a_hat 0.317 -0.226 -0.019 a_raw 0.090 -0.076 -0.019] u=[-0.092 0.345 0.006] ref_age=12.4 ms state_age=7.9 ms solve=6.791 ms mean=3.697 ms max=49.375 ms coupled_valid=true tilt_max=0.193 thrust_max=10.005
[mpc_controller_node-3] [INFO] [1789643715.364050422] [mpc_controller_node]: Force/attitude setpoint seq=27420 a_des=[-0.254 0.503 0.006] specific_force=[-0.254 0.503 9.813] collective=9.829 m/s^2 tilt=0.057 rad mode=tracking
[reference_generator_node-1] [INFO] [1789643715.760457629] [reference_generator_node]: Waypoint 6/9 reached: id='wp_obs4_bypass_right', distance=2.50m, crossed_plane=no
[mpc_controller_node-3] [WARN] [1789643715.793189899] [mpc_controller_node]: Coupled shadow admission reset: valid=false deadline=true status=4 iter=167 solve=19.602 ms primal=0.0684/0 dual=0.000386/0 violation=inf tilt=0.000 thrust=0.000 samples=87
[mpc_controller_node-3] [WARN] [1789643715.793785645] [mpc_controller_node]: MPC failed: solver not converged coupled_status=4 iter=167 primal=0.0684 dual=0.000386 solve=19.602 ms; recovery a=[-1.09 1.05 -0.02]
[mpc_controller_node-3] [INFO] [1789643717.310666483] [mpc_controller_node]: MPC update seq=27517 measured_x0=[p 59.713 -5.922 11.262 v 2.221 2.115 -1.096 a_hat 3.205 2.401 -0.204 a_raw 3.139 2.313 -0.204] u=[3.854 1.823 -0.183] ref_age=7.4 ms state_age=7.4 ms solve=16.862 ms mean=3.727 ms max=49.375 ms coupled_valid=true tilt_max=0.417 thrust_max=11.410
[mpc_controller_node-3] [INFO] [1789643717.372435856] [mpc_controller_node]: Force/attitude setpoint seq=27520 a_des=[3.757 1.606 -0.064] specific_force=[3.757 1.606 9.743] collective=10.565 m/s^2 tilt=0.397 rad mode=tracking
[mpc_controller_node-3] [WARN] [1789643718.152508253] [mpc_controller_node]: Coupled shadow admission reset: valid=true deadline=false status=0 iter=150 solve=18.780 ms primal=0.00534/0.00528 dual=0.00217/0.000365 violation=0.00285 tilt=0.468 thrust=11.185 samples=32
[mpc_controller_node-3] [INFO] [1789643719.329202550] [mpc_controller_node]: MPC update seq=27618 measured_x0=[p 68.715 -1.604 10.235 v 4.190 0.952 -0.174 a_hat -2.031 -1.816 -0.001 a_raw -2.416 -1.945 -0.001] u=[-2.557 -1.607 0.098] ref_age=4.3 ms state_age=4.4 ms solve=14.351 ms mean=3.761 ms max=49.375 ms coupled_valid=true tilt_max=0.423 thrust_max=10.870
[mpc_controller_node-3] [INFO] [1789643719.393907047] [mpc_controller_node]: Force/attitude setpoint seq=27621 a_des=[-2.772 -1.508 0.104] specific_force=[-2.772 -1.508 9.910] collective=10.400 m/s^2 tilt=0.308 rad mode=tracking
[vehicle_state_bridge_node-2] [INFO] [1789643719.425522826] [vehicle_state_bridge_node]: VehicleState timing: published=27624 timestamp_reject=0 clock_switch=78 stale_reject=662 skew_reject=22 age_ms[pos att ang]=[6.9 8.9 9.0] gap_mean_ms[pos att ang]=[22.14 11.08 11.08] gap_max_ms[pos att ang]=[337.19 337.21 329.79] sample_skew_ms=4.000
[mpc_controller_node-3] [WARN] [1789643721.197877266] [mpc_controller_node]: Coupled shadow admission reset: valid=false deadline=true status=4 iter=12 solve=24.091 ms primal=0.249/0 dual=0.0112/0 violation=inf tilt=0.000 thrust=0.000 samples=89
[mpc_controller_node-3] [WARN] [1789643721.198330590] [mpc_controller_node]: MPC failed: solver not converged coupled_status=4 iter=12 primal=0.249 dual=0.0112 solve=24.091 ms; recovery a=[-0.11 -0.47 0.04]
[mpc_controller_node-3] [INFO] [1789643721.338611573] [mpc_controller_node]: MPC update seq=27718 measured_x0=[p 70.982 -1.084 10.026 v 0.267 0.465 -0.023 a_hat 1.175 -0.143 0.391 a_raw 0.921 -0.245 0.391] u=[2.073 -0.344 0.024] ref_age=12.3 ms state_age=6.4 ms solve=4.896 ms mean=3.781 ms max=49.375 ms coupled_valid=true tilt_max=0.251 thrust_max=10.121
[mpc_controller_node-3] [INFO] [1789643721.402842552] [mpc_controller_node]: Force/attitude setpoint seq=27721 a_des=[2.296 -0.326 -0.017] specific_force=[2.296 -0.326 9.790] collective=10.061 m/s^2 tilt=0.233 rad mode=tracking
[reference_generator_node-1] [INFO] [1789643722.580140913] [reference_generator_node]: Waypoint 7/9 reached: id='wp_corridor_exit', distance=2.49m, crossed_plane=no
[mpc_controller_node-3] [INFO] [1789643723.349500571] [mpc_controller_node]: MPC update seq=27818 measured_x0=[p 72.985 -0.400 9.875 v -0.253 0.286 -0.186 a_hat -2.903 -0.282 0.925 a_raw -3.002 -0.399 0.925] u=[-3.596 -0.449 0.637] ref_age=3.8 ms state_age=3.9 ms solve=15.912 ms mean=3.806 ms max=49.375 ms coupled_valid=true tilt_max=0.517 thrust_max=11.742
[mpc_controller_node-3] [INFO] [1789643723.409252759] [mpc_controller_node]: Force/attitude setpoint seq=27821 a_des=[-3.817 -0.393 0.517] specific_force=[-3.817 -0.393 10.324] collective=11.014 m/s^2 tilt=0.356 rad mode=tracking
[mpc_controller_node-3] [WARN] [1789643723.773821692] [mpc_controller_node]: Coupled shadow admission reset: valid=true deadline=false status=0 iter=190 solve=18.749 ms primal=0.00775/0.00781 dual=0.00273/0.000765 violation=0.00775 tilt=0.521 thrust=11.238 samples=22
[vehicle_state_bridge_node-2] [WARN] [1789643723.925585839] [vehicle_state_bridge_node]: VehicleState not published: reason=SAMPLE_SKEW pos_age=31.253 ms att_age=19.470 ms ang_age=19.490 ms sample_skew=1789643208067.013 ms
[mpc_controller_node-3] [WARN] [1789643724.067754256] [mpc_controller_node]: MPC failed: solver not converged coupled_status=7 iter=72 primal=0.0654 dual=0.02 solve=20.281 ms; recovery a=[2.50 -0.13 -0.13]
[vehicle_state_bridge_node-2] [INFO] [1789643724.446336176] [vehicle_state_bridge_node]: VehicleState timing: published=27874 timestamp_reject=0 clock_switch=80 stale_reject=662 skew_reject=23 age_ms[pos att ang]=[13.5 6.6 6.6] gap_mean_ms[pos att ang]=[22.13 11.07 11.07] gap_max_ms[pos att ang]=[337.19 337.21 329.79] sample_skew_ms=19.941
[mpc_controller_node-3] [INFO] [1789643725.361883088] [mpc_controller_node]: MPC update seq=27919 measured_x0=[p 63.687 -0.151 10.106 v -9.215 -0.058 0.133 a_hat -4.884 0.141 -0.056 a_raw -4.361 0.117 -0.056] u=[-4.917 0.280 -0.469] ref_age=12.3 ms state_age=8.3 ms solve=8.390 ms mean=3.849 ms max=49.375 ms coupled_valid=true tilt_max=0.485 thrust_max=10.557
[mpc_controller_node-3] [INFO] [1789643725.420208612] [mpc_controller_node]: Force/attitude setpoint seq=27922 a_des=[-4.695 0.268 -0.456] specific_force=[-4.695 0.268 9.351] collective=10.467 m/s^2 tilt=0.466 rad mode=tracking
[mpc_controller_node-3] [WARN] [1789643726.692490262] [mpc_controller_node]: Coupled shadow admission reset: valid=true deadline=false status=0 iter=190 solve=18.923 ms primal=0.00147/0.00342 dual=0.00414/0.000311 violation=4.87e-16 tilt=0.258 thrust=10.102 samples=74
[mpc_controller_node-3] [INFO] [1789643727.370095802] [mpc_controller_node]: MPC update seq=28019 measured_x0=[p 42.087 -0.186 10.149 v -10.137 0.025 -0.147 a_hat 1.598 0.044 -0.154 a_raw 2.385 -0.001 -0.154] u=[0.346 0.087 0.140] ref_age=5.2 ms state_age=5.3 ms solve=16.306 ms mean=3.869 ms max=49.375 ms coupled_valid=true tilt_max=0.515 thrust_max=11.270
[mpc_controller_node-3] [INFO] [1789643727.424830442] [mpc_controller_node]: Force/attitude setpoint seq=28022 a_des=[0.124 0.081 0.162] specific_force=[0.124 0.081 9.969] collective=9.970 m/s^2 tilt=0.015 rad mode=tracking
[mpc_controller_node-3] [WARN] [1789643728.751435494] [mpc_controller_node]: Coupled shadow admission reset: valid=true deadline=false status=0 iter=85 solve=18.007 ms primal=0.00624/0.00746 dual=0.000757/0.000356 violation=0.00612 tilt=0.515 thrust=11.269 samples=27
[mpc_controller_node-3] [INFO] [1789643729.383956157] [mpc_controller_node]: MPC update seq=28120 measured_x0=[p 23.707 -0.003 10.004 v -9.251 -0.001 -0.005 a_hat -0.062 -0.032 0.031 a_raw 0.504 -0.063 0.031] u=[-0.760 0.018 0.006] ref_age=8.0 ms state_age=1.9 ms solve=10.314 ms mean=3.897 ms max=49.375 ms coupled_valid=true tilt_max=0.515 thrust_max=11.267
[mpc_controller_node-3] [INFO] [1789643729.433415842] [mpc_controller_node]: Force/attitude setpoint seq=28122 a_des=[-0.862 0.025 0.004] specific_force=[-0.862 0.025 9.811] collective=9.849 m/s^2 tilt=0.088 rad mode=tracking
[vehicle_state_bridge_node-2] [INFO] [1789643729.464748407] [vehicle_state_bridge_node]: VehicleState timing: published=28125 timestamp_reject=0 clock_switch=80 stale_reject=662 skew_reject=23 age_ms[pos att ang]=[21.4 9.0 9.0] gap_mean_ms[pos att ang]=[22.11 11.06 11.06] gap_max_ms[pos att ang]=[337.19 337.21 329.79] sample_skew_ms=20.000
[mpc_controller_node-3] [WARN] [1789643730.812438281] [mpc_controller_node]: Coupled shadow admission reset: valid=true deadline=false status=0 iter=195 solve=18.476 ms primal=0.0052/0.00747 dual=0.00419/0.000388 violation=0.00337 tilt=0.515 thrust=11.273 samples=21
[mpc_controller_node-3] [INFO] [1789643731.386093721] [mpc_controller_node]: MPC update seq=28220 measured_x0=[p 6.197 0.040 9.987 v -7.453 -0.008 -0.053 a_hat 3.100 -0.014 -0.035 a_raw 3.636 -0.033 -0.035] u=[3.444 -0.001 0.175] ref_age=6.0 ms state_age=6.1 ms solve=12.199 ms mean=3.929 ms max=49.375 ms coupled_valid=true tilt_max=0.515 thrust_max=11.349
[mpc_controller_node-3] [INFO] [1789643731.451244145] [mpc_controller_node]: Force/attitude setpoint seq=28223 a_des=[3.664 -0.004 0.183] specific_force=[3.664 -0.004 9.990] collective=10.641 m/s^2 tilt=0.352 rad mode=tracking
[reference_generator_node-1] [INFO] [1789643732.020249527] [reference_generator_node]: Waypoint 8/9 reached: id='wp_return_home', distance=2.41m, crossed_plane=no
[mpc_controller_node-3] [WARN] [1789643732.872391058] [mpc_controller_node]: Coupled shadow admission reset: valid=true deadline=false status=0 iter=110 solve=18.807 ms primal=0.0103/0.00364 dual=0.0009/0.00035 violation=0.0111 tilt=0.312 thrust=10.875 samples=2
[mpc_controller_node-3] [INFO] [1789643733.398523562] [mpc_controller_node]: MPC update seq=28321 measured_x0=[p 1.134 0.268 9.404 v 1.415 0.023 -0.299 a_hat 2.030 -0.103 -0.208 a_raw 1.765 0.012 -0.208] u=[1.341 -0.268 -0.221] ref_age=13.0 ms state_age=8.6 ms solve=5.064 ms mean=3.964 ms max=49.375 ms coupled_valid=true tilt_max=0.420 thrust_max=10.359
[mpc_controller_node-3] [INFO] [1789643733.459958956] [mpc_controller_node]: Force/attitude setpoint seq=28324 a_des=[1.125 -0.287 -0.255] specific_force=[1.125 -0.287 9.552] collective=9.622 m/s^2 tilt=0.121 rad mode=tracking
[vehicle_state_bridge_node-2] [INFO] [1789643734.484609725] [vehicle_state_bridge_node]: VehicleState timing: published=28376 timestamp_reject=0 clock_switch=80 stale_reject=662 skew_reject=23 age_ms[pos att ang]=[0.5 3.9 2.7] gap_mean_ms[pos att ang]=[22.09 11.06 11.05] gap_max_ms[pos att ang]=[337.19 337.21 329.79] sample_skew_ms=8.000
[mpc_controller_node-3] [INFO] [1789643735.404789895] [mpc_controller_node]: MPC update seq=28421 measured_x0=[p 2.087 0.185 8.273 v -1.341 -0.076 -0.975 a_hat -1.354 0.079 -0.273 a_raw -1.211 0.082 -0.273] u=[-0.545 0.032 -0.166] ref_age=6.6 ms state_age=6.7 ms solve=11.004 ms mean=3.977 ms max=49.375 ms coupled_valid=true tilt_max=0.221 thrust_max=9.908
[mpc_controller_node-3] [INFO] [1789643735.466100707] [mpc_controller_node]: Force/attitude setpoint seq=28424 a_des=[-0.321 0.026 -0.157] specific_force=[-0.321 0.026 9.650] collective=9.655 m/s^2 tilt=0.033 rad mode=tracking
[mpc_controller_node-3] [INFO] [1789643737.414895883] [mpc_controller_node]: MPC update seq=28522 measured_x0=[p 1.042 -0.037 6.113 v -0.257 -0.029 -1.222 a_hat -0.363 0.120 -0.086 a_raw -0.426 0.147 -0.086] u=[-0.033 0.076 -0.037] ref_age=12.4 ms state_age=7.3 ms solve=1.269 ms mean=3.988 ms max=49.375 ms coupled_valid=true tilt_max=0.012 thrust_max=10.022
[mpc_controller_node-3] [INFO] [1789643737.475442088] [mpc_controller_node]: Force/attitude setpoint seq=28525 a_des=[-0.017 0.067 -0.064] specific_force=[-0.017 0.067 9.743] collective=9.743 m/s^2 tilt=0.007 rad mode=tracking
[mpc_controller_node-3] [INFO] [1789643739.415914210] [mpc_controller_node]: MPC update seq=28622 measured_x0=[p 0.862 -0.099 3.748 v -0.249 0.022 -1.219 a_hat -0.054 0.025 0.031 a_raw -0.094 0.016 0.031] u=[-0.006 0.013 0.068] ref_age=12.2 ms state_age=8.1 ms solve=2.321 ms mean=3.981 ms max=49.375 ms coupled_valid=true tilt_max=0.008 thrust_max=10.139
[vehicle_state_bridge_node-2] [INFO] [1789643739.484699390] [vehicle_state_bridge_node]: VehicleState timing: published=28626 timestamp_reject=0 clock_switch=80 stale_reject=662 skew_reject=23 age_ms[pos att ang]=[25.7 8.3 8.3] gap_mean_ms[pos att ang]=[22.07 11.05 11.05] gap_max_ms[pos att ang]=[337.19 337.21 329.79] sample_skew_ms=24.000
[mpc_controller_node-3] [INFO] [1789643739.497295329] [mpc_controller_node]: Force/attitude setpoint seq=28626 a_des=[-0.004 0.011 0.073] specific_force=[-0.004 0.011 9.879] collective=9.879 m/s^2 tilt=0.001 rad mode=tracking
[mpc_controller_node-3] [INFO] [1789643741.433918275] [mpc_controller_node]: MPC update seq=28723 measured_x0=[p 0.587 -0.100 1.601 v -0.211 0.020 -0.946 a_hat 0.036 0.017 0.188 a_raw 0.005 0.008 0.188] u=[0.082 0.022 0.228] ref_age=12.9 ms state_age=8.4 ms solve=0.594 ms mean=3.973 ms max=49.375 ms coupled_valid=true tilt_max=0.008 thrust_max=10.174
[mpc_controller_node-3] [INFO] [1789643741.515256141] [mpc_controller_node]: Force/attitude setpoint seq=28727 a_des=[0.085 0.021 0.233] specific_force=[0.085 0.021 10.040] collective=10.040 m/s^2 tilt=0.009 rad mode=tracking
[mpc_controller_node-3] [INFO] [1789643743.436339946] [mpc_controller_node]: MPC update seq=28823 measured_x0=[p 0.271 -0.041 0.278 v -0.146 0.016 -0.427 a_hat 0.103 -0.019 0.310 a_raw 0.073 -0.025 0.310] u=[0.157 -0.006 0.349] ref_age=12.3 ms state_age=8.7 ms solve=2.581 ms mean=3.965 ms max=49.375 ms coupled_valid=true tilt_max=0.015 thrust_max=10.197
[mpc_controller_node-3] [INFO] [1789643743.515502059] [mpc_controller_node]: Force/attitude setpoint seq=28827 a_des=[0.152 -0.001 0.363] specific_force=[0.152 -0.001 10.169] collective=10.170 m/s^2 tilt=0.015 rad mode=tracking
[reference_generator_node-1] [INFO] [1789643743.580227488] [reference_generator_node]: Waypoint 9/9 reached: id='landing', distance=0.35m, crossed_plane=no
[reference_generator_node-1] [INFO] [1789643743.586519225] [reference_generator_node]: Mission completed; holding the final mission position
[px4_attitude_mode_node-4] [INFO] [1789643743.587791280] [px4_attitude_mode_node]: Mission completed signal received; completing External Mode. Landing remains operator/PX4-mode-manager owned.
[vehicle_state_bridge_node-2] [INFO] [1789643744.504645285] [vehicle_state_bridge_node]: VehicleState timing: published=28877 timestamp_reject=0 clock_switch=82 stale_reject=662 skew_reject=23 age_ms[pos att ang]=[19.8 5.1 5.1] gap_mean_ms[pos att ang]=[22.05 11.04 11.04] gap_max_ms[pos att ang]=[337.19 337.21 329.79] sample_skew_ms=16.000
[mpc_controller_node-3] [INFO] [1789643745.453868456] [mpc_controller_node]: MPC update seq=28924 measured_x0=[p 0.054 -0.021 0.052 v -0.076 0.018 -0.040 a_hat 0.084 -0.018 0.005 a_raw 0.041 -0.025 0.005] u=[0.135 -0.027 0.031] ref_age=12.7 ms state_age=8.4 ms solve=0.565 ms mean=3.957 ms max=49.375 ms coupled_valid=true tilt_max=0.014 thrust_max=9.839
[mpc_controller_node-3] [INFO] [1789643745.533907269] [mpc_controller_node]: Force/attitude setpoint seq=28928 a_des=[0.134 -0.027 0.028] specific_force=[0.134 -0.027 9.835] collective=9.835 m/s^2 tilt=0.014 rad mode=tracking
[mpc_controller_node-3] [INFO] [1789643747.455107386] [mpc_controller_node]: MPC update seq=29024 measured_x0=[p -0.110 0.017 0.045 v -0.025 -0.009 -0.033 a_hat 0.092 -0.002 -0.015 a_raw 0.046 -0.003 -0.015] u=[0.136 0.012 0.020] ref_age=12.3 ms state_age=8.3 ms solve=1.572 ms mean=3.947 ms max=49.375 ms coupled_valid=true tilt_max=0.014 thrust_max=9.829
[mpc_controller_node-3] [INFO] [1789643747.535944476] [mpc_controller_node]: Force/attitude setpoint seq=29028 a_des=[0.134 0.015 0.021] specific_force=[0.134 0.015 9.828] collective=9.829 m/s^2 tilt=0.014 rad mode=tracking
[mpc_controller_node-3] [INFO] [1789643749.455605704] [mpc_controller_node]: MPC update seq=29124 measured_x0=[p -0.201 0.044 0.032 v 0.009 -0.002 -0.025 a_hat 0.080 -0.026 -0.002 a_raw 0.031 -0.030 -0.002] u=[0.123 -0.023 0.019] ref_age=11.5 ms state_age=4.4 ms solve=1.895 ms mean=3.940 ms max=49.375 ms coupled_valid=true tilt_max=0.013 thrust_max=9.828
[vehicle_state_bridge_node-2] [INFO] [1789643749.505225367] [vehicle_state_bridge_node]: VehicleState timing: published=29127 timestamp_reject=0 clock_switch=82 stale_reject=662 skew_reject=23 age_ms[pos att ang]=[9.5 3.0 3.0] gap_mean_ms[pos att ang]=[22.04 11.03 11.03] gap_max_ms[pos att ang]=[337.19 337.21 329.79] sample_skew_ms=24.000
[mpc_controller_node-3] [INFO] [1789643749.555755497] [mpc_controller_node]: Force/attitude setpoint seq=29129 a_des=[0.125 -0.024 0.019] specific_force=[0.125 -0.024 9.826] collective=9.827 m/s^2 tilt=0.013 rad mode=tracking
[mpc_controller_node-3] [INFO] [1789643751.457525272] [mpc_controller_node]: MPC update seq=29224 measured_x0=[p -0.207 0.031 0.037 v 0.015 -0.002 -0.025 a_hat 0.066 -0.010 -0.014 a_raw 0.020 -0.016 -0.014] u=[0.114 -0.016 0.011] ref_age=12.3 ms state_age=8.8 ms solve=3.366 ms mean=3.932 ms max=49.375 ms coupled_valid=true tilt_max=0.012 thrust_max=9.820
[mpc_controller_node-3] [INFO] [1789643751.573907312] [mpc_controller_node]: Force/attitude setpoint seq=29230 a_des=[0.105 -0.021 0.014] specific_force=[0.105 -0.021 9.821] collective=9.822 m/s^2 tilt=0.011 rad mode=tracking
[mpc_controller_node-3] [INFO] [1789643753.457671765] [mpc_controller_node]: MPC update seq=29324 measured_x0=[p -0.220 0.035 0.064 v 0.021 -0.014 -0.035 a_hat 0.062 0.005 -0.019 a_raw 0.015 0.007 -0.019] u=[0.102 0.008 -0.003] ref_age=10.8 ms state_age=8.4 ms solve=3.349 ms mean=3.922 ms max=49.375 ms coupled_valid=true tilt_max=0.010 thrust_max=9.824
[mpc_controller_node-3] [INFO] [1789643753.575522977] [mpc_controller_node]: Force/attitude setpoint seq=29330 a_des=[0.106 0.006 -0.001] specific_force=[0.106 0.006 9.806] collective=9.807 m/s^2 tilt=0.011 rad mode=tracking
[vehicle_state_bridge_node-2] [INFO] [1789643754.525675959] [vehicle_state_bridge_node]: VehicleState timing: published=29378 timestamp_reject=0 clock_switch=82 stale_reject=662 skew_reject=23 age_ms[pos att ang]=[6.8 10.5 10.5] gap_mean_ms[pos att ang]=[22.02 11.02 11.02] gap_max_ms[pos att ang]=[337.19 337.21 329.79] sample_skew_ms=12.000
[mpc_controller_node-3] [INFO] [1789643755.457909427] [mpc_controller_node]: MPC update seq=29424 measured_x0=[p -0.238 0.019 0.064 v 0.024 -0.013 -0.040 a_hat 0.059 0.009 0.003 a_raw 0.015 0.005 0.003] u=[0.120 0.017 0.008] ref_age=11.9 ms state_age=8.5 ms solve=2.894 ms mean=3.915 ms max=49.375 ms coupled_valid=true tilt_max=0.012 thrust_max=9.826
[mpc_controller_node-3] [INFO] [1789643755.595323799] [mpc_controller_node]: Force/attitude setpoint seq=29431 a_des=[0.113 0.018 0.011] specific_force=[0.113 0.018 9.818] collective=9.818 m/s^2 tilt=0.012 rad mode=tracking
[mpc_controller_node-3] [INFO] [1789643757.474962637] [mpc_controller_node]: MPC update seq=29525 measured_x0=[p -0.218 0.043 0.066 v 0.022 -0.007 -0.038 a_hat 0.052 -0.012 -0.005 a_raw -0.001 -0.006 -0.005] u=[0.104 -0.012 0.002] ref_age=12.4 ms state_age=7.3 ms solve=1.505 ms mean=3.908 ms max=49.375 ms coupled_valid=true tilt_max=0.011 thrust_max=9.825
[mpc_controller_node-3] [INFO] [1789643757.616691871] [mpc_controller_node]: Force/attitude setpoint seq=29532 a_des=[0.100 -0.015 0.003] specific_force=[0.100 -0.015 9.810] collective=9.810 m/s^2 tilt=0.010 rad mode=tracking
[mpc_controller_node-3] [INFO] [1789643759.476066205] [mpc_controller_node]: MPC update seq=29625 measured_x0=[p -0.207 0.049 0.047 v 0.016 -0.011 -0.028 a_hat 0.056 -0.012 -0.008 a_raw 0.012 -0.010 -0.008] u=[0.107 -0.007 0.005] ref_age=12.7 ms state_age=8.0 ms solve=2.087 ms mean=3.900 ms max=49.375 ms coupled_valid=true tilt_max=0.011 thrust_max=9.820
[vehicle_state_bridge_node-2] [INFO] [1789643759.544767145] [vehicle_state_bridge_node]: VehicleState timing: published=29629 timestamp_reject=0 clock_switch=82 stale_reject=662 skew_reject=23 age_ms[pos att ang]=[27.1 3.4 3.4] gap_mean_ms[pos att ang]=[22.00 11.01 11.01] gap_max_ms[pos att ang]=[337.19 337.21 329.79] sample_skew_ms=28.000
[mpc_controller_node-3] [INFO] [1789643759.635525236] [mpc_controller_node]: Force/attitude setpoint seq=29633 a_des=[0.109 -0.001 0.002] specific_force=[0.109 -0.001 9.809] collective=9.810 m/s^2 tilt=0.011 rad mode=tracking
[mpc_controller_node-3] [INFO] [1789643761.493849757] [mpc_controller_node]: MPC update seq=29726 measured_x0=[p -0.209 0.030 0.050 v 0.016 -0.000 -0.028 a_hat 0.054 -0.014 -0.011 a_raw 0.005 -0.010 -0.011] u=[0.109 -0.019 -0.001] ref_age=12.9 ms state_age=8.5 ms solve=0.539 ms mean=3.891 ms max=49.375 ms coupled_valid=true tilt_max=0.011 thrust_max=9.820
[mpc_controller_node-3] [INFO] [1789643761.635666475] [mpc_controller_node]: Force/attitude setpoint seq=29733 a_des=[0.114 -0.024 -0.007] specific_force=[0.114 -0.024 9.799] collective=9.800 m/s^2 tilt=0.012 rad mode=tracking
[mpc_controller_node-3] [INFO] [1789643763.495518651] [mpc_controller_node]: MPC update seq=29826 measured_x0=[p -0.198 0.032 0.070 v 0.011 -0.007 -0.038 a_hat 0.052 0.003 -0.022 a_raw 0.010 0.005 -0.022] u=[0.113 -0.007 -0.003] ref_age=12.5 ms state_age=7.6 ms solve=1.825 ms mean=3.884 ms max=49.375 ms coupled_valid=true tilt_max=0.012 thrust_max=9.826
[mpc_controller_node-3] [INFO] [1789643763.637691115] [mpc_controller_node]: Force/attitude setpoint seq=29833 a_des=[0.125 -0.005 -0.002] specific_force=[0.125 -0.005 9.805] collective=9.805 m/s^2 tilt=0.013 rad mode=tracking
[vehicle_state_bridge_node-2] [INFO] [1789643764.564772655] [vehicle_state_bridge_node]: VehicleState timing: published=29880 timestamp_reject=0 clock_switch=82 stale_reject=662 skew_reject=23 age_ms[pos att ang]=[8.1 7.2 7.2] gap_mean_ms[pos att ang]=[21.99 11.00 11.00] gap_max_ms[pos att ang]=[337.19 337.21 329.79] sample_skew_ms=4.000
[mpc_controller_node-3] [INFO] [1789643765.496106738] [mpc_controller_node]: MPC update seq=29926 measured_x0=[p -0.185 0.019 0.055 v 0.014 -0.006 -0.032 a_hat 0.046 -0.000 -0.012 a_raw -0.010 0.003 -0.012] u=[0.097 0.002 0.003] ref_age=12.1 ms state_age=8.0 ms solve=2.479 ms mean=3.878 ms max=49.375 ms coupled_valid=true tilt_max=0.010 thrust_max=9.822
[mpc_controller_node-3] [INFO] [1789643765.639548613] [mpc_controller_node]: Force/attitude setpoint seq=29933 a_des=[0.099 0.002 0.002] specific_force=[0.099 0.002 9.809] collective=9.809 m/s^2 tilt=0.010 rad mode=tracking
[vehicle_state_bridge_node-2] [WARN] [1789643766.404805324] [vehicle_state_bridge_node]: VehicleState not published: reason=SAMPLE_SKEW pos_age=17.735 ms att_age=9.810 ms ang_age=9.819 ms sample_skew=1789643208878.835 ms
[mpc_controller_node-3] [INFO] [1789643767.514915600] [mpc_controller_node]: MPC update seq=30027 measured_x0=[p -0.181 0.011 0.050 v 0.012 -0.009 -0.025 a_hat 0.049 0.011 -0.016 a_raw -0.001 0.011 -0.016] u=[0.100 0.012 -0.007] ref_age=12.0 ms state_age=8.5 ms solve=1.311 ms mean=3.871 ms max=49.375 ms coupled_valid=true tilt_max=0.010 thrust_max=9.820
[mpc_controller_node-3] [INFO] [1789643767.654230154] [mpc_controller_node]: Force/attitude setpoint seq=30034 a_des=[0.107 0.012 -0.010] specific_force=[0.107 0.012 9.797] collective=9.798 m/s^2 tilt=0.011 rad mode=tracking
[mpc_controller_node-3] [INFO] [1789643769.534409297] [mpc_controller_node]: MPC update seq=30128 measured_x0=[p -0.180 0.033 0.076 v 0.019 0.002 -0.036 a_hat 0.041 -0.028 -0.013 a_raw -0.010 -0.030 -0.013] u=[0.084 -0.023 -0.019] ref_age=13.0 ms state_age=8.6 ms solve=0.959 ms mean=3.861 ms max=49.375 ms coupled_valid=true tilt_max=0.009 thrust_max=9.827
[vehicle_state_bridge_node-2] [INFO] [1789643769.584652016] [vehicle_state_bridge_node]: VehicleState timing: published=30130 timestamp_reject=0 clock_switch=86 stale_reject=662 skew_reject=24 age_ms[pos att ang]=[18.4 2.6 2.6] gap_mean_ms[pos att ang]=[21.97 10.99 10.99] gap_max_ms[pos att ang]=[337.19 337.21 329.79] sample_skew_ms=16.000
[mpc_controller_node-3] [INFO] [1789643769.674120825] [mpc_controller_node]: Force/attitude setpoint seq=30135 a_des=[0.080 -0.012 -0.019] specific_force=[0.080 -0.012 9.788] collective=9.788 m/s^2 tilt=0.008 rad mode=tracking
[mpc_controller_node-3] [INFO] [1789643771.554057153] [mpc_controller_node]: MPC update seq=30229 measured_x0=[p -0.167 0.014 0.066 v 0.010 -0.001 -0.033 a_hat 0.053 -0.005 -0.020 a_raw 0.012 -0.017 -0.020] u=[0.094 -0.007 -0.010] ref_age=12.8 ms state_age=8.5 ms solve=0.710 ms mean=3.853 ms max=49.375 ms coupled_valid=true tilt_max=0.010 thrust_max=9.824
[mpc_controller_node-3] [INFO] [1789643771.694073321] [mpc_controller_node]: Force/attitude setpoint seq=30236 a_des=[0.091 -0.008 -0.009] specific_force=[0.091 -0.008 9.797] collective=9.798 m/s^2 tilt=0.009 rad mode=tracking
[mpc_controller_node-3] [INFO] [1789643773.574058874] [mpc_controller_node]: MPC update seq=30330 measured_x0=[p -0.204 -0.010 0.058 v 0.014 0.010 -0.035 a_hat 0.076 -0.007 0.006 a_raw 0.029 -0.017 0.006] u=[0.106 -0.017 0.007] ref_age=12.9 ms state_age=8.5 ms solve=0.696 ms mean=3.843 ms max=49.375 ms coupled_valid=true tilt_max=0.011 thrust_max=9.823
[mpc_controller_node-3] [INFO] [1789643773.714243825] [mpc_controller_node]: Force/attitude setpoint seq=30337 a_des=[0.099 -0.016 0.004] specific_force=[0.099 -0.016 9.811] collective=9.811 m/s^2 tilt=0.010 rad mode=tracking
[vehicle_state_bridge_node-2] [INFO] [1789643774.584736999] [vehicle_state_bridge_node]: VehicleState timing: published=30380 timestamp_reject=0 clock_switch=86 stale_reject=662 skew_reject=24 age_ms[pos att ang]=[16.8 8.4 8.4] gap_mean_ms[pos att ang]=[21.95 10.98 10.98] gap_max_ms[pos att ang]=[337.19 337.21 329.79] sample_skew_ms=12.000
[mpc_controller_node-3] [INFO] [1789643775.593850223] [mpc_controller_node]: MPC update seq=30431 measured_x0=[p -0.206 0.040 0.066 v 0.016 -0.013 -0.034 a_hat 0.059 -0.020 -0.019 a_raw 0.021 -0.019 -0.019] u=[0.107 0.009 -0.007] ref_age=12.8 ms state_age=8.4 ms solve=0.542 ms mean=3.834 ms max=49.375 ms coupled_valid=true tilt_max=0.011 thrust_max=9.824
[mpc_controller_node-3] [INFO] [1789643775.734273107] [mpc_controller_node]: Force/attitude setpoint seq=30438 a_des=[0.110 0.019 -0.006] specific_force=[0.110 0.019 9.800] collective=9.801 m/s^2 tilt=0.011 rad mode=tracking
[mpc_controller_node-3] [INFO] [1789643777.594995461] [mpc_controller_node]: MPC update seq=30531 measured_x0=[p -0.157 0.023 0.050 v 0.015 0.004 -0.028 a_hat 0.035 -0.015 0.003 a_raw -0.014 -0.018 0.003] u=[0.077 -0.024 0.001] ref_age=11.3 ms state_age=8.4 ms solve=1.339 ms mean=3.826 ms max=49.375 ms coupled_valid=true tilt_max=0.008 thrust_max=9.820
[mpc_controller_node-3] [INFO] [1789643777.736392655] [mpc_controller_node]: Force/attitude setpoint seq=30538 a_des=[0.075 -0.022 0.001] specific_force=[0.075 -0.022 9.808] collective=9.808 m/s^2 tilt=0.008 rad mode=tracking
[vehicle_state_bridge_node-2] [INFO] [1789643779.584735047] [vehicle_state_bridge_node]: VehicleState timing: published=30630 timestamp_reject=0 clock_switch=86 stale_reject=662 skew_reject=24 age_ms[pos att ang]=[8.6 2.4 2.4] gap_mean_ms[pos att ang]=[21.94 10.98 10.98] gap_max_ms[pos att ang]=[337.19 337.21 329.79] sample_skew_ms=24.000
[mpc_controller_node-3] [INFO] [1789643779.614848785] [mpc_controller_node]: MPC update seq=30632 measured_x0=[p -0.116 0.036 0.054 v -0.001 -0.007 -0.027 a_hat 0.034 0.004 -0.015 a_raw -0.011 0.016 -0.015] u=[0.087 -0.011 -0.009] ref_age=12.5 ms state_age=8.0 ms solve=1.267 ms mean=3.819 ms max=49.375 ms coupled_valid=true tilt_max=0.009 thrust_max=9.821
[mpc_controller_node-3] [INFO] [1789643779.755288777] [mpc_controller_node]: Force/attitude setpoint seq=30639 a_des=[0.085 -0.014 -0.003] specific_force=[0.085 -0.014 9.804] collective=9.804 m/s^2 tilt=0.009 rad mode=tracking
[mpc_controller_node-3] [INFO] [1789643781.615314808] [mpc_controller_node]: MPC update seq=30732 measured_x0=[p -0.137 0.011 0.028 v 0.000 -0.007 -0.015 a_hat 0.047 0.008 -0.010 a_raw -0.002 0.009 -0.010] u=[0.096 0.008 -0.002] ref_age=12.2 ms state_age=7.7 ms solve=1.650 ms mean=3.812 ms max=49.375 ms coupled_valid=true tilt_max=0.010 thrust_max=9.814
[mpc_controller_node-3] [INFO] [1789643781.756876511] [mpc_controller_node]: Force/attitude setpoint seq=30739 a_des=[0.098 0.004 -0.004] specific_force=[0.098 0.004 9.802] collective=9.803 m/s^2 tilt=0.010 rad mode=tracking
[mpc_controller_node-3] [INFO] [1789643783.616577713] [mpc_controller_node]: MPC update seq=30832 measured_x0=[p -0.159 0.028 0.054 v -0.002 -0.013 -0.037 a_hat 0.055 -0.001 -0.015 a_raw 0.005 -0.001 -0.015] u=[0.118 0.013 0.013] ref_age=11.8 ms state_age=6.6 ms solve=2.682 ms mean=3.808 ms max=49.375 ms coupled_valid=true tilt_max=0.012 thrust_max=9.827
[mpc_controller_node-3] [INFO] [1789643783.761857162] [mpc_controller_node]: Force/attitude setpoint seq=30839 a_des=[0.260 0.035 -0.129] specific_force=[0.260 0.035 9.678] collective=9.681 m/s^2 tilt=0.027 rad mode=tracking
[vehicle_state_bridge_node-2] [INFO] [1789643784.584802985] [vehicle_state_bridge_node]: VehicleState timing: published=30880 timestamp_reject=0 clock_switch=86 stale_reject=662 skew_reject=24 age_ms[pos att ang]=[4.7 4.7 4.7] gap_mean_ms[pos att ang]=[21.92 10.97 10.97] gap_max_ms[pos att ang]=[337.19 337.21 329.79] sample_skew_ms=0.000
[mpc_controller_node-3] [INFO] [1789643785.634116085] [mpc_controller_node]: MPC update seq=30933 measured_x0=[p -0.170 0.018 0.064 v 0.007 -0.005 0.030 a_hat 0.057 0.002 -0.016 a_raw 0.003 0.002 -0.016] u=[0.118 -0.002 -0.167] ref_age=12.9 ms state_age=8.5 ms solve=0.776 ms mean=3.805 ms max=49.375 ms coupled_valid=true tilt_max=0.013 thrust_max=9.835
[mpc_controller_node-3] [INFO] [1789643785.775952640] [mpc_controller_node]: Force/attitude setpoint seq=30940 a_des=[0.119 -0.007 -0.160] specific_force=[0.119 -0.007 9.647] collective=9.648 m/s^2 tilt=0.012 rad mode=tracking
[mpc_controller_node-3] [INFO] [1789643787.636056611] [mpc_controller_node]: MPC update seq=31033 measured_x0=[p -0.166 0.030 0.079 v 0.001 -0.001 0.057 a_hat 0.040 -0.019 -0.019 a_raw -0.040 -0.036 -0.019] u=[0.140 -0.020 -0.247] ref_age=12.6 ms state_age=7.7 ms solve=2.430 ms mean=3.801 ms max=49.375 ms coupled_valid=true tilt_max=0.016 thrust_max=9.844
[mpc_controller_node-3] [INFO] [1789643787.795392580] [mpc_controller_node]: Force/attitude setpoint seq=31041 a_des=[0.133 -0.026 -0.291] specific_force=[0.133 -0.026 9.516] collective=9.517 m/s^2 tilt=0.014 rad mode=tracking
[vehicle_state_bridge_node-2] [INFO] [1789643789.604718837] [vehicle_state_bridge_node]: VehicleState timing: published=31131 timestamp_reject=0 clock_switch=86 stale_reject=662 skew_reject=24 age_ms[pos att ang]=[25.7 9.9 9.9] gap_mean_ms[pos att ang]=[21.91 10.96 10.96] gap_max_ms[pos att ang]=[337.19 337.21 329.79] sample_skew_ms=28.000
[mpc_controller_node-3] [INFO] [1789643789.636546334] [mpc_controller_node]: MPC update seq=31133 measured_x0=[p -0.162 0.019 0.099 v 0.006 -0.010 0.024 a_hat 0.055 -0.001 -0.009 a_raw 0.002 -0.006 -0.009] u=[0.116 0.010 -0.204] ref_age=12.3 ms state_age=8.9 ms solve=2.189 ms mean=3.798 ms max=49.375 ms coupled_valid=true tilt_max=0.013 thrust_max=9.847
[mpc_controller_node-3] [INFO] [1789643789.795824660] [mpc_controller_node]: Force/attitude setpoint seq=31141 a_des=[0.123 0.018 -0.187] specific_force=[0.123 0.018 9.619] collective=9.620 m/s^2 tilt=0.013 rad mode=tracking
[mpc_controller_node-3] [INFO] [1789643791.655959405] [mpc_controller_node]: MPC update seq=31234 measured_x0=[p -0.159 0.014 0.071 v 0.010 -0.006 -0.005 a_hat 0.027 0.003 -0.032 a_raw -0.029 -0.014 -0.032] u=[0.113 0.003 -0.091] ref_age=12.3 ms state_age=7.7 ms solve=2.074 ms mean=3.794 ms max=49.375 ms coupled_valid=true tilt_max=0.012 thrust_max=9.833
[mpc_controller_node-3] [INFO] [1789643791.799309022] [mpc_controller_node]: Force/attitude setpoint seq=31241 a_des=[0.115 0.006 -0.084] specific_force=[0.115 0.006 9.723] collective=9.724 m/s^2 tilt=0.012 rad mode=tracking
[mpc_controller_node-3] [INFO] [1789643793.658189064] [mpc_controller_node]: MPC update seq=31334 measured_x0=[p -0.178 0.011 0.057 v 0.005 -0.007 -0.015 a_hat 0.078 0.004 -0.037 a_raw 0.043 -0.012 -0.037] u=[0.131 0.009 -0.046] ref_age=12.5 ms state_age=8.0 ms solve=4.353 ms mean=3.790 ms max=49.375 ms coupled_valid=true tilt_max=0.013 thrust_max=9.826
[mpc_controller_node-3] [INFO] [1789643793.816455477] [mpc_controller_node]: Force/attitude setpoint seq=31342 a_des=[0.090 0.006 -0.025] specific_force=[0.090 0.006 9.781] collective=9.782 m/s^2 tilt=0.009 rad mode=tracking
[vehicle_state_bridge_node-2] [INFO] [1789643794.606600704] [vehicle_state_bridge_node]: VehicleState timing: published=31381 timestamp_reject=0 clock_switch=86 stale_reject=662 skew_reject=24 age_ms[pos att ang]=[10.4 16.1 16.1] gap_mean_ms[pos att ang]=[21.90 10.96 10.96] gap_max_ms[pos att ang]=[337.19 337.21 329.79] sample_skew_ms=4.000
[vehicle_state_bridge_node-2] [WARN] [1789643795.464701780] [vehicle_state_bridge_node]: VehicleState not published: reason=SAMPLE_SKEW pos_age=4.122 ms att_age=8.958 ms ang_age=8.987 ms sample_skew=1789643209235.685 ms
[mpc_controller_node-3] [INFO] [1789643795.674218333] [mpc_controller_node]: MPC update seq=31435 measured_x0=[p -0.158 0.035 0.041 v -0.004 0.002 -0.023 a_hat 0.069 -0.026 -0.009 a_raw 0.007 -0.014 -0.009] u=[0.139 -0.031 -0.004] ref_age=12.9 ms state_age=8.5 ms solve=0.905 ms mean=3.785 ms max=49.375 ms coupled_valid=true tilt_max=0.015 thrust_max=9.821
[mpc_controller_node-3] [INFO] [1789643795.837704966] [mpc_controller_node]: Force/attitude setpoint seq=31443 a_des=[0.134 -0.015 0.005] specific_force=[0.134 -0.015 9.812] collective=9.813 m/s^2 tilt=0.014 rad mode=tracking
[mpc_controller_node-3] [INFO] [1789643797.675657323] [mpc_controller_node]: MPC update seq=31535 measured_x0=[p -0.143 0.018 0.047 v -0.002 -0.011 0.040 a_hat 0.059 0.000 -0.011 a_raw -0.001 -0.010 -0.011] u=[0.124 0.016 -0.163] ref_age=12.0 ms state_age=2.7 ms solve=2.078 ms mean=3.781 ms max=49.375 ms coupled_valid=true tilt_max=0.013 thrust_max=9.829
[mpc_controller_node-3] [INFO] [1789643797.856046301] [mpc_controller_node]: Force/attitude setpoint seq=31544 a_des=[0.123 0.020 -0.169] specific_force=[0.123 0.020 9.638] collective=9.639 m/s^2 tilt=0.013 rad mode=tracking
[vehicle_state_bridge_node-2] [INFO] [1789643799.624633424] [vehicle_state_bridge_node]: VehicleState timing: published=31631 timestamp_reject=0 clock_switch=88 stale_reject=662 skew_reject=25 age_ms[pos att ang]=[16.0 4.7 4.7] gap_mean_ms[pos att ang]=[21.89 10.95 10.95] gap_max_ms[pos att ang]=[337.19 337.21 329.79] sample_skew_ms=16.000
[mpc_controller_node-3] [INFO] [1789643799.677737434] [mpc_controller_node]: MPC update seq=31635 measured_x0=[p -0.142 0.011 0.068 v -0.002 -0.008 0.012 a_hat 0.058 0.003 -0.003 a_raw -0.003 -0.005 -0.003] u=[0.121 0.012 -0.129] ref_age=12.8 ms state_age=6.5 ms solve=4.050 ms mean=3.778 ms max=49.375 ms coupled_valid=true tilt_max=0.013 thrust_max=9.834
[mpc_controller_node-3] [INFO] [1789643799.860441617] [mpc_controller_node]: Force/attitude setpoint seq=31644 a_des=[0.122 0.020 -0.119] specific_force=[0.122 0.020 9.688] collective=9.689 m/s^2 tilt=0.013 rad mode=tracking
[mpc_controller_node-3] [INFO] [1789643801.677912534] [mpc_controller_node]: MPC update seq=31735 measured_x0=[p -0.141 -0.019 0.060 v -0.006 -0.020 0.019 a_hat 0.067 0.044 -0.059 a_raw 0.039 0.054 -0.059] u=[0.132 0.068 -0.130] ref_age=12.1 ms state_age=7.1 ms solve=3.996 ms mean=3.775 ms max=49.375 ms coupled_valid=true tilt_max=0.015 thrust_max=9.832
[mpc_controller_node-3] [INFO] [1789643801.876690916] [mpc_controller_node]: Force/attitude setpoint seq=31745 a_des=[0.136 0.057 -0.128] specific_force=[0.136 0.057 9.679] collective=9.680 m/s^2 tilt=0.015 rad mode=tracking
[mpc_controller_node-3] [INFO] [1789643803.696229241] [mpc_controller_node]: MPC update seq=31836 measured_x0=[p -0.146 -0.006 0.039 v -0.005 -0.000 -0.013 a_hat 0.050 0.017 -0.023 a_raw -0.017 0.010 -0.023] u=[0.136 0.002 -0.025] ref_age=11.1 ms state_age=8.0 ms solve=2.483 ms mean=3.772 ms max=49.375 ms coupled_valid=true tilt_max=0.014 thrust_max=9.820
[mpc_controller_node-3] [INFO] [1789643803.897037262] [mpc_controller_node]: Force/attitude setpoint seq=31846 a_des=[0.139 -0.004 -0.023] specific_force=[0.139 -0.004 9.783] collective=9.784 m/s^2 tilt=0.014 rad mode=tracking
[vehicle_state_bridge_node-2] [INFO] [1789643804.624644294] [vehicle_state_bridge_node]: VehicleState timing: published=31881 timestamp_reject=0 clock_switch=88 stale_reject=662 skew_reject=25 age_ms[pos att ang]=[15.7 4.0 4.0] gap_mean_ms[pos att ang]=[21.88 10.95 10.95] gap_max_ms[pos att ang]=[337.19 337.21 329.79] sample_skew_ms=20.000
[mpc_controller_node-3] [INFO] [1789643805.696786996] [mpc_controller_node]: MPC update seq=31936 measured_x0=[p -0.156 0.017 0.031 v -0.012 0.006 -0.020 a_hat 0.080 -0.015 -0.007 a_raw 0.006 -0.002 -0.007] u=[0.159 -0.031 0.002] ref_age=12.8 ms state_age=8.2 ms solve=3.069 ms mean=3.768 ms max=49.375 ms coupled_valid=true tilt_max=0.017 thrust_max=9.818
[mpc_controller_node-3] [INFO] [1789643805.916353336] [mpc_controller_node]: Force/attitude setpoint seq=31947 a_des=[0.153 -0.033 0.008] specific_force=[0.153 -0.033 9.815] collective=9.816 m/s^2 tilt=0.016 rad mode=tracking
[mpc_controller_node-3] [INFO] [1789643807.701027208] [mpc_controller_node]: MPC update seq=32036 measured_x0=[p -0.107 0.056 0.022 v 0.008 0.009 -0.023 a_hat 0.038 -0.035 0.003 a_raw 0.008 0.003 0.003] u=[0.066 -0.070 0.023] ref_age=12.6 ms state_age=8.4 ms solve=6.671 ms mean=3.764 ms max=49.375 ms coupled_valid=true tilt_max=0.010 thrust_max=9.839
[mpc_controller_node-3] [INFO] [1789643807.917331462] [mpc_controller_node]: Force/attitude setpoint seq=32047 a_des=[0.056 -0.055 0.023] specific_force=[0.056 -0.055 9.830] collective=9.830 m/s^2 tilt=0.008 rad mode=tracking
[vehicle_state_bridge_node-2] [WARN] [1789643809.604649848] [vehicle_state_bridge_node]: VehicleState not published: reason=SAMPLE_SKEW pos_age=0.176 ms att_age=0.196 ms ang_age=0.223 ms sample_skew=1789643209250.742 ms
[vehicle_state_bridge_node-2] [INFO] [1789643809.624827617] [vehicle_state_bridge_node]: VehicleState timing: published=32130 timestamp_reject=0 clock_switch=91 stale_reject=662 skew_reject=26 age_ms[pos att ang]=[20.4 4.8 4.8] gap_mean_ms[pos att ang]=[21.87 10.94 10.94] gap_max_ms[pos att ang]=[337.19 337.21 329.79] sample_skew_ms=1789643209707.769
[mpc_controller_node-3] [INFO] [1789643809.715827118] [mpc_controller_node]: MPC update seq=32137 measured_x0=[p -0.102 0.034 0.016 v 0.002 0.001 -0.026 a_hat 0.043 -0.036 -0.024 a_raw 0.013 -0.047 -0.024] u=[0.076 -0.027 0.040] ref_age=12.2 ms state_age=8.3 ms solve=1.777 ms mean=3.760 ms max=49.375 ms coupled_valid=true tilt_max=0.008 thrust_max=9.863
[mpc_controller_node-3] [INFO] [1789643809.918833333] [mpc_controller_node]: Force/attitude setpoint seq=32147 a_des=[0.085 0.011 0.054] specific_force=[0.085 0.011 9.860] collective=9.861 m/s^2 tilt=0.009 rad mode=tracking
[mpc_controller_node-3] [WARN] [1789643811.204028129] [mpc_controller_node]: Coupled shadow admission reset: valid=true deadline=false status=0 iter=3 solve=50.299 ms primal=5.89e-17/0.000441 dual=0.0024/0.0003 violation=5.69e-20 tilt=0.011 thrust=9.906 samples=250
[mpc_controller_node-3] [INFO] [1789643811.717125978] [mpc_controller_node]: MPC update seq=32236 measured_x0=[p -0.141 0.001 0.003 v 0.003 -0.010 0.016 a_hat 0.049 0.007 -0.034 a_raw -0.008 -0.017 -0.034] u=[0.108 0.027 -0.034] ref_age=11.3 ms state_age=8.4 ms solve=3.440 ms mean=3.759 ms max=50.299 ms coupled_valid=true tilt_max=0.012 thrust_max=9.810
[mpc_controller_node-3] [INFO] [1789643811.936231690] [mpc_controller_node]: Force/attitude setpoint seq=32247 a_des=[0.105 0.058 -0.090] specific_force=[0.105 0.058 9.717] collective=9.717 m/s^2 tilt=0.012 rad mode=tracking
[mpc_controller_node-3] [INFO] [1789643813.736602494] [mpc_controller_node]: MPC update seq=32337 measured_x0=[p -0.144 -0.015 0.044 v 0.001 -0.014 0.018 a_hat 0.055 0.021 -0.010 a_raw 0.000 -0.003 -0.010] u=[0.116 0.051 -0.108] ref_age=10.8 ms state_age=7.9 ms solve=2.783 ms mean=3.758 ms max=50.299 ms coupled_valid=true tilt_max=0.013 thrust_max=9.826
[mpc_controller_node-3] [INFO] [1789643813.942027196] [mpc_controller_node]: Force/attitude setpoint seq=32347 a_des=[0.119 0.049 -0.102] specific_force=[0.119 0.049 9.705] collective=9.705 m/s^2 tilt=0.013 rad mode=tracking
[vehicle_state_bridge_node-2] [INFO] [1789643814.626987219] [vehicle_state_bridge_node]: VehicleState timing: published=32379 timestamp_reject=0 clock_switch=92 stale_reject=662 skew_reject=27 age_ms[pos att ang]=[16.2 8.3 8.4] gap_mean_ms[pos att ang]=[21.89 10.95 10.95] gap_max_ms[pos att ang]=[337.19 337.21 329.79] sample_skew_ms=16.000
[mpc_controller_node-3] [INFO] [1789643815.755055588] [mpc_controller_node]: MPC update seq=32438 measured_x0=[p -0.148 -0.004 0.078 v -0.004 -0.012 0.026 a_hat 0.064 0.013 -0.014 a_raw -0.002 -0.009 -0.014] u=[0.133 0.035 -0.176] ref_age=12.2 ms state_age=7.0 ms solve=1.314 ms mean=3.756 ms max=50.299 ms coupled_valid=true tilt_max=0.015 thrust_max=9.840
[mpc_controller_node-3] [INFO] [1789643815.956507153] [mpc_controller_node]: Force/attitude setpoint seq=32448 a_des=[0.131 0.031 -0.173] specific_force=[0.131 0.031 9.634] collective=9.635 m/s^2 tilt=0.014 rad mode=tracking
[mpc_controller_node-3] [INFO] [1789643817.755250659] [mpc_controller_node]: MPC update seq=32538 measured_x0=[p -0.139 -0.007 0.075 v 0.002 -0.016 -0.001 a_hat 0.050 0.015 -0.006 a_raw -0.006 0.002 -0.006] u=[0.109 0.049 -0.106] ref_age=12.1 ms state_age=7.7 ms solve=1.668 ms mean=3.752 ms max=50.299 ms coupled_valid=true tilt_max=0.013 thrust_max=9.835
[mpc_controller_node-3] [INFO] [1789643817.977595247] [mpc_controller_node]: Force/attitude setpoint seq=32549 a_des=[0.124 0.057 -0.108] specific_force=[0.124 0.057 9.699] collective=9.700 m/s^2 tilt=0.014 rad mode=tracking
[vehicle_state_bridge_node-2] [INFO] [1789643819.644776983] [vehicle_state_bridge_node]: VehicleState timing: published=32630 timestamp_reject=0 clock_switch=92 stale_reject=662 skew_reject=27 age_ms[pos att ang]=[8.7 13.3 13.3] gap_mean_ms[pos att ang]=[21.87 10.94 10.94] gap_max_ms[pos att ang]=[337.19 337.21 329.79] sample_skew_ms=8.000
[mpc_controller_node-3] [INFO] [1789643819.760252238] [mpc_controller_node]: MPC update seq=32638 measured_x0=[p -0.159 -0.008 0.126 v -0.003 -0.025 0.105 a_hat 0.068 0.026 -0.006 a_raw -0.003 -0.005 -0.006] u=[0.138 0.075 -0.435] ref_age=11.9 ms state_age=8.2 ms solve=5.495 ms mean=3.750 ms max=50.299 ms coupled_valid=true tilt_max=0.017 thrust_max=9.867
[mpc_controller_node-3] [INFO] [1789643819.978337572] [mpc_controller_node]: Force/attitude setpoint seq=32649 a_des=[0.135 0.077 -0.445] specific_force=[0.135 0.077 9.361] collective=9.363 m/s^2 tilt=0.017 rad mode=tracking
[mpc_controller_node-3] [INFO] [1789643821.776983738] [mpc_controller_node]: MPC update seq=32739 measured_x0=[p -0.155 -0.003 0.143 v -0.006 -0.011 0.070 a_hat 0.064 0.016 -0.008 a_raw -0.003 0.001 -0.008] u=[0.142 0.032 -0.372] ref_age=11.8 ms state_age=7.3 ms solve=3.245 ms mean=3.748 ms max=50.299 ms coupled_valid=true tilt_max=0.016 thrust_max=9.869
[mpc_controller_node-3] [INFO] [1789643821.997447931] [mpc_controller_node]: Force/attitude setpoint seq=32750 a_des=[0.153 0.032 -0.389] specific_force=[0.153 0.032 9.417] collective=9.418 m/s^2 tilt=0.017 rad mode=tracking
[vehicle_state_bridge_node-2] [WARN] [1789643823.304599172] [vehicle_state_bridge_node]: VehicleState not published: reason=SAMPLE_SKEW pos_age=6.117 ms att_age=0.280 ms ang_age=0.323 ms sample_skew=1789643209890.364 ms
[mpc_controller_node-3] [INFO] [1789643823.795805822] [mpc_controller_node]: MPC update seq=32840 measured_x0=[p -0.153 0.014 0.151 v 0.002 0.002 0.025 a_hat 0.065 -0.005 -0.007 a_raw 0.008 0.003 -0.007] u=[0.119 -0.017 -0.282] ref_age=12.7 ms state_age=8.4 ms solve=2.287 ms mean=3.745 ms max=50.299 ms coupled_valid=true tilt_max=0.013 thrust_max=9.867
[mpc_controller_node-3] [INFO] [1789643823.997530084] [mpc_controller_node]: Force/attitude setpoint seq=32850 a_des=[0.115 -0.032 -0.265] specific_force=[0.115 -0.032 9.542] collective=9.542 m/s^2 tilt=0.013 rad mode=tracking
[vehicle_state_bridge_node-2] [INFO] [1789643824.664621349] [vehicle_state_bridge_node]: VehicleState timing: published=32880 timestamp_reject=0 clock_switch=94 stale_reject=662 skew_reject=28 age_ms[pos att ang]=[0.5 7.2 7.2] gap_mean_ms[pos att ang]=[21.86 10.94 10.94] gap_max_ms[pos att ang]=[337.19 337.21 329.79] sample_skew_ms=8.179
[mpc_controller_node-3] [INFO] [1789643825.814451076] [mpc_controller_node]: MPC update seq=32941 measured_x0=[p -0.139 0.052 0.103 v 0.002 0.014 -0.011 a_hat 0.051 -0.035 -0.009 a_raw -0.000 0.007 -0.009] u=[0.109 -0.080 -0.125] ref_age=12.5 ms state_age=8.3 ms solve=1.069 ms mean=3.740 ms max=50.299 ms coupled_valid=true tilt_max=0.014 thrust_max=9.845
[mpc_controller_node-3] [INFO] [1789643826.017136050] [mpc_controller_node]: Force/attitude setpoint seq=32951 a_des=[0.107 -0.081 -0.109] specific_force=[0.107 -0.081 9.698] collective=9.699 m/s^2 tilt=0.014 rad mode=tracking
[mpc_controller_node-3] [INFO] [1789643827.814525138] [mpc_controller_node]: MPC update seq=33041 measured_x0=[p -0.143 0.052 0.032 v -0.005 0.009 -0.037 a_hat 0.060 -0.035 -0.013 a_raw -0.002 -0.004 -0.013] u=[0.131 -0.065 0.043] ref_age=12.7 ms state_age=7.2 ms solve=1.141 ms mean=3.735 ms max=50.299 ms coupled_valid=true tilt_max=0.015 thrust_max=9.867
[mpc_controller_node-3] [INFO] [1789643828.034552606] [mpc_controller_node]: Force/attitude setpoint seq=33052 a_des=[0.135 -0.050 0.045] specific_force=[0.135 -0.050 9.852] collective=9.853 m/s^2 tilt=0.015 rad mode=tracking
[vehicle_state_bridge_node-2] [INFO] [1789643829.664660939] [vehicle_state_bridge_node]: VehicleState timing: published=33130 timestamp_reject=0 clock_switch=94 stale_reject=662 skew_reject=28 age_ms[pos att ang]=[22.1 4.9 4.9] gap_mean_ms[pos att ang]=[21.85 10.93 10.93] gap_max_ms[pos att ang]=[337.19 337.21 329.79] sample_skew_ms=24.000
[mpc_controller_node-3] [INFO] [1789643829.814620617] [mpc_controller_node]: MPC update seq=33141 measured_x0=[p -0.146 0.027 0.008 v 0.003 0.002 -0.036 a_hat 0.061 -0.005 -0.014 a_raw 0.008 0.017 -0.014] u=[0.109 -0.030 0.075] ref_age=12.5 ms state_age=7.5 ms solve=1.154 ms mean=3.730 ms max=50.299 ms coupled_valid=true tilt_max=0.012 thrust_max=9.911
[mpc_controller_node-3] [INFO] [1789643830.036978483] [mpc_controller_node]: Force/attitude setpoint seq=33152 a_des=[0.096 -0.037 0.081] specific_force=[0.096 -0.037 9.887] collective=9.888 m/s^2 tilt=0.010 rad mode=tracking
[mpc_controller_node-3] [INFO] [1789643831.815242377] [mpc_controller_node]: MPC update seq=33241 measured_x0=[p -0.141 0.041 -0.002 v -0.007 -0.003 -0.036 a_hat 0.064 -0.009 -0.008 a_raw -0.003 0.006 -0.008] u=[0.134 -0.026 0.090] ref_age=12.4 ms state_age=8.1 ms solve=1.653 ms mean=3.727 ms max=50.299 ms coupled_valid=true tilt_max=0.014 thrust_max=9.930
[mpc_controller_node-3] [INFO] [1789643832.055699725] [mpc_controller_node]: Force/attitude setpoint seq=33253 a_des=[0.133 -0.033 0.095] specific_force=[0.133 -0.033 9.901] collective=9.902 m/s^2 tilt=0.014 rad mode=tracking
[mpc_controller_node-3] [INFO] [1789643833.834891650] [mpc_controller_node]: MPC update seq=33342 measured_x0=[p -0.131 0.053 -0.025 v 0.003 0.002 -0.035 a_hat 0.047 -0.026 -0.006 a_raw 0.009 -0.005 -0.006] u=[0.098 -0.048 0.122] ref_age=12.5 ms state_age=7.8 ms solve=1.481 ms mean=3.723 ms max=50.299 ms coupled_valid=true tilt_max=0.011 thrust_max=9.974
[mpc_controller_node-3] [INFO] [1789643834.056522115] [mpc_controller_node]: Force/attitude setpoint seq=33353 a_des=[0.111 -0.049 0.126] specific_force=[0.111 -0.049 9.932] collective=9.933 m/s^2 tilt=0.012 rad mode=tracking
[vehicle_state_bridge_node-2] [INFO] [1789643834.665643206] [vehicle_state_bridge_node]: VehicleState timing: published=33380 timestamp_reject=0 clock_switch=94 stale_reject=662 skew_reject=28 age_ms[pos att ang]=[7.9 14.5 14.5] gap_mean_ms[pos att ang]=[21.84 10.93 10.93] gap_max_ms[pos att ang]=[337.19 337.21 329.79] sample_skew_ms=4.000
[mpc_controller_node-3] [INFO] [1789643835.835223867] [mpc_controller_node]: MPC update seq=33442 measured_x0=[p -0.127 0.041 -0.021 v -0.000 0.006 -0.033 a_hat 0.051 -0.021 -0.014 a_raw -0.001 0.003 -0.014] u=[0.104 -0.051 0.112] ref_age=12.8 ms state_age=8.0 ms solve=1.695 ms mean=3.718 ms max=50.299 ms coupled_valid=true tilt_max=0.012 thrust_max=9.960
[mpc_controller_node-3] [INFO] [1789643836.075428331] [mpc_controller_node]: Force/attitude setpoint seq=33454 a_des=[0.111 -0.059 0.106] specific_force=[0.111 -0.059 9.912] collective=9.913 m/s^2 tilt=0.013 rad mode=tracking
[mpc_controller_node-3] [INFO] [1789643837.835664878] [mpc_controller_node]: MPC update seq=33542 measured_x0=[p -0.142 0.032 -0.005 v 0.004 -0.006 -0.032 a_hat 0.070 -0.011 -0.024 a_raw 0.013 -0.014 -0.024] u=[0.102 -0.009 0.084] ref_age=11.9 ms state_age=7.8 ms solve=2.067 ms mean=3.714 ms max=50.299 ms coupled_valid=true tilt_max=0.010 thrust_max=9.923
[mpc_controller_node-3] [INFO] [1789643838.096964789] [mpc_controller_node]: Force/attitude setpoint seq=33555 a_des=[0.099 0.010 0.078] specific_force=[0.099 0.010 9.884] collective=9.885 m/s^2 tilt=0.010 rad mode=tracking
[vehicle_state_bridge_node-2] [INFO] [1789643839.685478699] [vehicle_state_bridge_node]: VehicleState timing: published=33631 timestamp_reject=0 clock_switch=94 stale_reject=662 skew_reject=28 age_ms[pos att ang]=[16.4 15.3 15.3] gap_mean_ms[pos att ang]=[21.83 10.92 10.92] gap_max_ms[pos att ang]=[337.19 337.21 329.79] sample_skew_ms=24.000
[mpc_controller_node-3] [INFO] [1789643839.835998527] [mpc_controller_node]: MPC update seq=33642 measured_x0=[p -0.129 -0.019 -0.009 v 0.010 -0.027 -0.028 a_hat 0.045 0.030 -0.013 a_raw 0.004 -0.011 -0.013] u=[0.078 0.091 0.083] ref_age=12.0 ms state_age=8.1 ms solve=2.328 ms mean=3.709 ms max=50.299 ms coupled_valid=true tilt_max=0.012 thrust_max=9.920
[mpc_controller_node-3] [INFO] [1789643840.115742396] [mpc_controller_node]: Force/attitude setpoint seq=33656 a_des=[0.081 0.103 0.069] specific_force=[0.081 0.103 9.876] collective=9.877 m/s^2 tilt=0.013 rad mode=tracking
[vehicle_state_bridge_node-2] [WARN] [1789643840.444629404] [vehicle_state_bridge_node]: VehicleState not published: reason=SAMPLE_SKEW pos_age=4.338 ms att_age=4.438 ms ang_age=4.518 ms sample_skew=1789643210847.474 ms
[mpc_controller_node-3] [INFO] [1789643841.855063806] [mpc_controller_node]: MPC update seq=33743 measured_x0=[p -0.142 -0.004 0.012 v -0.002 -0.003 -0.024 a_hat 0.076 0.004 -0.013 a_raw 0.018 -0.013 -0.013] u=[0.120 0.014 0.040] ref_age=12.2 ms state_age=8.5 ms solve=1.522 ms mean=3.704 ms max=50.299 ms coupled_valid=true tilt_max=0.012 thrust_max=9.863
[mpc_controller_node-3] [INFO] [1789643842.134711954] [mpc_controller_node]: Force/attitude setpoint seq=33757 a_des=[0.090 0.009 0.053] specific_force=[0.090 0.009 9.859] collective=9.860 m/s^2 tilt=0.009 rad mode=tracking
[mpc_controller_node-3] [INFO] [1789643843.855795004] [mpc_controller_node]: MPC update seq=33843 measured_x0=[p -0.120 0.019 -0.001 v 0.013 0.009 -0.027 a_hat 0.030 -0.017 -0.010 a_raw -0.003 0.002 -0.010] u=[0.063 -0.040 0.067] ref_age=10.9 ms state_age=7.9 ms solve=2.121 ms mean=3.699 ms max=50.299 ms coupled_valid=true tilt_max=0.008 thrust_max=9.899
[mpc_controller_node-3] [INFO] [1789643844.138043482] [mpc_controller_node]: Force/attitude setpoint seq=33857 a_des=[0.062 -0.043 0.072] specific_force=[0.062 -0.043 9.879] collective=9.879 m/s^2 tilt=0.008 rad mode=tracking
[vehicle_state_bridge_node-2] [INFO] [1789643844.704756860] [vehicle_state_bridge_node]: VehicleState timing: published=33881 timestamp_reject=0 clock_switch=98 stale_reject=662 skew_reject=29 age_ms[pos att ang]=[13.1 6.8 6.8] gap_mean_ms[pos att ang]=[21.82 10.92 10.92] gap_max_ms[pos att ang]=[337.19 337.21 329.79] sample_skew_ms=16.000
[mpc_controller_node-3] [INFO] [1789643845.855947080] [mpc_controller_node]: MPC update seq=33943 measured_x0=[p -0.149 0.027 -0.020 v -0.006 0.010 -0.033 a_hat 0.064 -0.022 -0.016 a_raw -0.006 -0.006 -0.016] u=[0.137 -0.049 0.108] ref_age=11.9 ms state_age=8.3 ms solve=2.420 ms mean=3.694 ms max=50.299 ms coupled_valid=true tilt_max=0.015 thrust_max=9.957
[mpc_controller_node-3] [INFO] [1789643846.156908579] [mpc_controller_node]: Force/attitude setpoint seq=33958 a_des=[0.148 -0.053 0.118] specific_force=[0.148 -0.053 9.924] collective=9.925 m/s^2 tilt=0.016 rad mode=tracking
[mpc_controller_node-3] [INFO] [1789643847.875546662] [mpc_controller_node]: MPC update seq=34044 measured_x0=[p -0.156 -0.014 -0.011 v -0.000 -0.020 -0.028 a_hat 0.073 0.043 -0.003 a_raw 0.007 0.015 -0.003] u=[0.124 0.062 0.084] ref_age=10.0 ms state_age=8.5 ms solve=1.944 ms mean=3.689 ms max=50.299 ms coupled_valid=true tilt_max=0.014 thrust_max=9.922
[mpc_controller_node-3] [INFO] [1789643848.176455894] [mpc_controller_node]: Force/attitude setpoint seq=34059 a_des=[0.112 0.051 0.081] specific_force=[0.112 0.051 9.888] collective=9.888 m/s^2 tilt=0.012 rad mode=tracking
[vehicle_state_bridge_node-2] [INFO] [1789643849.704816369] [vehicle_state_bridge_node]: VehicleState timing: published=34131 timestamp_reject=0 clock_switch=98 stale_reject=662 skew_reject=29 age_ms[pos att ang]=[8.5 4.9 4.9] gap_mean_ms[pos att ang]=[21.81 10.91 10.91] gap_max_ms[pos att ang]=[337.19 337.21 329.79] sample_skew_ms=24.000
[mpc_controller_node-3] [INFO] [1789643849.876118265] [mpc_controller_node]: MPC update seq=34144 measured_x0=[p -0.125 -0.025 -0.026 v 0.005 -0.001 -0.032 a_hat 0.027 0.036 -0.021 a_raw -0.036 0.045 -0.021] u=[0.095 0.014 0.116] ref_age=12.0 ms state_age=7.1 ms solve=2.384 ms mean=3.685 ms max=50.299 ms coupled_valid=true tilt_max=0.010 thrust_max=9.966
[mpc_controller_node-3] [INFO] [1789643850.177806233] [mpc_controller_node]: Force/attitude setpoint seq=34159 a_des=[0.113 -0.014 0.122] specific_force=[0.113 -0.014 9.929] collective=9.930 m/s^2 tilt=0.011 rad mode=tracking
[mpc_controller_node-3] [INFO] [1789643851.876929502] [mpc_controller_node]: MPC update seq=34244 measured_x0=[p -0.128 0.016 0.024 v 0.006 -0.001 0.040 a_hat 0.045 -0.004 -0.017 a_raw 0.003 0.011 -0.017] u=[0.090 -0.012 -0.130] ref_age=9.6 ms state_age=7.0 ms solve=2.946 ms mean=3.683 ms max=50.299 ms coupled_valid=true tilt_max=0.010 thrust_max=9.821
[mpc_controller_node-3] [INFO] [1789643852.197661040] [mpc_controller_node]: Force/attitude setpoint seq=34260 a_des=[0.082 -0.007 -0.129] specific_force=[0.082 -0.007 9.677] collective=9.678 m/s^2 tilt=0.008 rad mode=tracking
[mpc_controller_node-3] [INFO] [1789643853.878468227] [mpc_controller_node]: MPC update seq=34344 measured_x0=[p -0.130 0.014 0.034 v -0.002 0.006 0.009 a_hat 0.053 -0.008 -0.018 a_raw -0.004 0.008 -0.018] u=[0.112 -0.029 -0.071] ref_age=8.8 ms state_age=8.5 ms solve=2.449 ms mean=3.680 ms max=50.299 ms coupled_valid=true tilt_max=0.012 thrust_max=9.821
